year,country,Crecimiento PIB anual (%),Exportaciones (% PIB),Gasto en educación (% PIB),Gasto en salud (% PIB),Gasto público (% PIB),Inflación anual (%),PIB per cápita (PPA),Población Total,Pobreza ($6.85/día),Pobreza Extrema ($2.15/día),Pobreza Línea Nacional,Pobreza Moderada ($3.65/día),Pobreza Multidimensional,Privación Agua Potable,Privación Educación - Logro,Privación Educación - Matrícula,Privación Electricidad,Privación Pobreza Monetaria,Privación Saneamiento,Tasa Desempleo
1960,ARG,,7.60404910825644,,,,,,20386045.0,,,,,,,,,,,,
1960,BOL,,16.2089752176825,,,,11.5331525756195,,3702323.0,,,,,,,,,,,,
1960,BRA,,6.28181356216762,,,,,,72388126.0,,,,,,,,,,,,
1960,CHL,,12.7427185864127,,,,,,8153350.0,,,,,,,,,,,,
1960,COL,,15.694579144343,,,,5.81407628204986,,15606209.0,,,,,,,,,,,,
1960,ECU,,9.54757461031659,,,,1.67659912611285,,4590891.0,,,,,,,,,,,,
1960,PER,,20.2107117701269,,,,8.6644591627191,,10174127.0,,,,,,,,,,,,
1960,PRY,,,,,,8.18181818181802,,1883514.0,,,,,,,,,,,,
1960,URY,,13.7931034482759,,,,38.5040374002647,,2529957.0,,,,,,,,,,,,
1960,VEN,,30.4335631646605,,,,,,8160090.0,,,,,,,,,,,,
1961,ARG,5.42784287621933,5.9949469947787,,,,,,20726276.0,,,,,,,,,,,,
1961,BOL,2.08929594236781,16.3998357963875,,,,7.56149307183899,,3778731.0,,,,,,,,,,,,
1961,BRA,8.60000000000014,6.42021675517618,,,,,,74605447.0,,,,,,,,,,,,
1961,CHL,5.51961070344885,11.1295189323154,,,,,,8324802.0,,,,,,,,,,,,
1961,COL,5.08921698439107,12.9913516978403,,,,8.28319045648716,,16095203.0,,,,,,,,,,,,
1961,ECU,5.12441487887448,8.95749299716022,,,,3.98562050634913,,4722331.0,,,,,,,,,,,,
1961,PER,7.34709633145569,20.8080128217091,,,,5.91670898836375,,10475123.0,,,,,,,,,,,,
1961,PRY,6.90028551422945,,,,,18.4873949579832,,1927394.0,,,,,,,,,,,,
1961,URY,2.49303791805684,14.2045454545455,,,,22.747263986796,,2562044.0,,,,,,,,,,,,
1961,VEN,3.19251943889358,31.7155121373594,,,,,,8455915.0,,,,,,,,,,,,
1962,ARG,-0.852021521903339,4.69184275899831,,,,,,21072538.0,,,,,,,,,,,,
1962,BOL,5.57891786210295,15.1492397221701,,,,5.87933142225296,,3857493.0,,,,,,,,,,,,
1962,BRA,6.59999999999992,4.00847871772255,,,,,,76865323.0,,,,,,,,,,,,
1962,CHL,3.93078479110629,11.0860645266395,,,,,,8497059.0,,,,,,,,,,,,
1962,COL,5.41188961342047,12.2235058130015,,,,4.6970939506247,,16599029.0,,,,,,,,,,,,
1962,ECU,4.91914694399127,10.2414995015402,,,,2.87088531460987,,4859269.0,,,,,,,,,,,,
1962,PER,10.0352933342212,19.9663002619313,,,,6.64109326359749,,10784612.0,,,,,,,,,,,,
1962,PRY,3.30025851602093,12.6298186938919,,,,1.41843971631208,,1973130.0,,,,,,,,,,,,
1962,URY,-1.57454885002421,11.340206185567,,,,10.9074243811899,,2593298.0,,,,,,,,,,,,
1962,VEN,8.53293376290713,32.6753598645216,,,,,,8756870.0,,,,,,,,,,,,
1963,ARG,-5.30819682539126,7.89045420262462,,,,,,21421705.0,,,,,,,,,,,,
1963,BOL,6.79762576905429,16.9804741980474,,,,-0.706357214552389,,3938913.0,,,,,,,,,,,,
1963,BRA,0.600000000000065,8.93314544401188,,,,,,79164235.0,,,,,,,,,,,,
1963,CHL,5.68667190016438,12.0580300116494,,,,,,8670144.0,,,,,,,,,,,,
1963,COL,3.28670755407101,11.9828551079252,,,,26.3554355250467,,17113823.0,,,,,,,,,,,,
1963,ECU,2.10636824719379,9.23332169307243,,,,5.93950905922402,,5001716.0,,,,,,,,,,,,
1963,PER,4.32824981844591,18.4470755601073,,,,6.07014388428593,,11102099.0,,,,,,,,,,,,
1963,PRY,4.71029133985073,11.5604068469362,,,,2.09790209790211,,2021909.0,,,,,,,,,,,,
1963,URY,0.170458855734793,12.0171673819742,,,,21.2546957175585,,2623766.0,,,,,,,,,,,,
1963,VEN,3.90095116381816,32.0418815634127,,,,,,9064021.0,,,,,,,,,,,,
1964,ARG,10.1302976615431,5.56371560478508,,,,,,21769453.0,,,,,,,,,,,,
1964,BOL,3.95659653084567,20.3001701995977,,,,10.1818181818181,,4022996.0,,,,,,,,,,,,
1964,BRA,3.39999999999985,6.46099666497353,,,,,,81488595.0,,,,,,,,,,,,
1964,CHL,2.46113427734542,12.0441503024268,,,,,,8842525.0,,,,,,,,,,,,
1964,COL,6.16694132350723,11.9574970749791,,,,17.0724352164554,,17637411.0,,,,,,,,,,,,
1964,ECU,7.40724535940373,8.90005390051922,,,,4.03420453764312,,5149918.0,,,,,,,,,,,,
1964,PER,6.54786765047102,18.512720160744,,,,9.79228486663484,,11427978.0,,,,,,,,,,,,
1964,PRY,4.21247735945683,12.2560833398119,,,,1.36986301369865,,2073119.0,,,,,,,,,,,,
1964,URY,2.44052077893583,11.9402985074627,,,,42.3694157015186,,2653180.0,,,,,,,,,,,,
1964,VEN,11.1293452932625,30.1731346634116,,,,,,9377712.0,,,,,,,,,,,,
1965,ARG,10.5694333376394,6.22587443766796,,,,,,22112629.0,,,,,,,,,,,,
1965,BOL,4.91344195525978,21.4623955431755,,,,2.86028602860271,,4109796.0,,,,,,,,,,,,
1965,BRA,2.40000000000001,7.50316443059153,,,,,,83817583.0,,,,,,,,,,,,
1965,CHL,0.670838636062939,13.1158083669341,,,,,,9012938.0,,,,,,,,,,,,
1965,COL,3.60001138983772,12.1346382753604,,,,7.5906836693158,,18169050.0,,,,,,,,,,,,
1965,ECU,3.27508248987445,8.97965718654229,,,,3.06907066175736,,5303963.0,,,,,,,,,,,,
1965,PER,5.62173344947736,15.6706568893996,,,,16.3899613894424,,11761085.0,,,,,,,,,,,,
1965,PRY,6.16797475642743,14.9574178773349,,,,3.8592981578052,,2125177.0,,,,,,,,,,,,
1965,URY,1.04560405431261,18.3970856102004,,,,56.5565565566607,,2681169.0,,,,,,,,,,,,
1965,VEN,4.16286666476402,29.087936717205,,,,,,9697790.0,,,,,,,,,,,,
1966,ARG,-0.659726170629824,6.65291738359955,,,,,,22453893.0,,,,,,,,,,,,
1966,BOL,7.17058966306621,21.2578616352201,,,,6.95187165775404,,4199550.0,,,,,,,,,,,,
1966,BRA,6.7000000000001,6.53020390757968,,,,,,86139359.0,,,,,,,,,,,,
1966,CHL,11.4634218589357,14.1540048756479,,,,,,9181722.0,,,,,,,,,,,,
1966,COL,5.23673586229452,9.98157876782425,,,,16.7281682748598,,18702688.0,,,,,,,,,,,,
1966,ECU,-0.33952563927852,10.4856999890863,,,,5.45372692773346,,5463748.0,,,,,,,,,,,,
1966,PER,8.2389204457594,15.5631265094855,,,,8.84060374922209,,12101297.0,,,,,,,,,,,,
1966,PRY,1.99150333527275,13.2465674082655,,,,2.87319422160326,,2177584.0,,,,,,,,,,,,
1966,URY,3.06285593493642,17.1282051282051,,,,73.4626932061085,,2707646.0,,,,,,,,,,,,
1966,VEN,1.51025011101886,27.6720821945541,,,,,,10024854.0,,,,,,,,,,,,
1967,ARG,3.19199662339177,7.4955962262493,,,,,,22799059.0,,,,,,,,,,,,
1967,BOL,6.31721951733537,22.4969372981401,,,,11.1999999990001,,4292572.0,,,,,,,,,,,,
1967,BRA,4.2,5.67719217542334,,,,,,88446124.0,,,,,,,,,,,,
1967,CHL,3.58811073177469,13.8754979421584,,,,,,9348939.0,,,,,,,,,,,,
1967,COL,4.13486416579858,11.2124869828647,,,,8.32819136425948,,19235618.0,,,,,,,,,,,,
1967,ECU,4.62107394346161,10.1071865699827,,,,3.81813815731002,,5629057.0,,,,,,,,,,,,
1967,PER,3.85256440782895,15.4237640292426,,,,9.78360256063414,,12448814.0,,,,,,,,,,,,
1967,PRY,9.15036720414034,12.2186961354447,,,,1.36526759221905,,2229994.0,,,,,,,,,,,,
1967,URY,-3.65683411281653,14.6094215861658,,,,89.2752972850379,,2732277.0,,,,,,,,,,,,
1967,VEN,2.83386903098896,27.2,,,,,,10358513.0,,,,,,,,,,,,
1968,ARG,4.82250077932424,6.48445346277515,,,,,,23150583.0,,,,,,,,,,,,
1968,BOL,8.52944308831111,19.7802197802198,,,,5.47062350162299,,4388944.0,,,,,,,,,,,,
1968,BRA,9.79999999999998,5.99087444407956,,,,,,90741240.0,,,,,,,,,,,,
1968,CHL,3.57371701447551,13.5209343390996,,,,,,9514716.0,,,,,,,,,,,,
1968,COL,5.93311799878289,11.7731869580441,,,,7.4475387831777,,19766796.0,,,,,,,,,,,,
1968,ECU,1.90943839737609,11.0421655960631,,,,4.31765612971037,,5799680.0,,,,,,,,,,,,
1968,PER,0.152237710931757,18.1087568279364,,,,19.086618545438,,12803993.0,,,,,,,,,,,,
1968,PRY,4.52707384188076,12.3543480927266,,,,0.708073577854366,,2282391.0,,,,,,,,,,,,
1968,URY,1.88891174472745,15.1826792963464,,,,125.336991126492,,2754606.0,,,,,,,,,,,,
1968,VEN,7.33723265821675,25.2877865131215,,,,,,10697530.0,,,,,,,,,,,,
1969,ARG,9.67952601078326,6.3987133165299,,,,,,23508711.0,,,,,,,,,,,,
1969,BOL,4.47409732886864,20.4183266932271,,,,2.20974847251324,,4488232.0,,,,,,,,,,,,
1969,BRA,9.49999999999993,6.67156538418794,,,,,,93045777.0,,,,,,,,,,,,
1969,CHL,4.10317976748962,15.8956424620006,,,,,,9680282.0,,,,,,,,,,,,
1969,COL,6.10251730873333,12.5393813547186,,,,6.98166307955375,,20291942.0,,,,,,,,,,,,
1969,ECU,4.66923798208919,8.502945502182,,,,6.32668144851309,,5975236.0,,,,,,,,,,,,
1969,PER,3.51445891251396,17.4651066535654,,,,6.23615806078061,,13166767.0,,,,,,,,,,,,
1969,PRY,4.70115140770775,13.5776753741458,,,,2.24684753574717,,2334992.0,,,,,,,,,,,,
1969,URY,5.8647406331108,13.3977066988533,,,,20.9666666659998,,2773974.0,,,,,,,,,,,,
1969,VEN,0.706036796156042,24.4625456431087,,,,,,11040280.0,,,,,,,,,,,,
1970,ARG,3.04564331917115,5.601566676004,1.4580899477005,,,,,23878327.0,,,,,,,,,,,,
1970,BOL,5.23102930423347,24.5985763946367,,,,3.95550921099769,,4590010.0,,,,,,,,,,,,
1970,BRA,10.4,7.02942560498826,,,,,,95375651.0,,,,,,,,,,,,
1970,CHL,1.69447257971353,14.1746033324124,,,,,,9845344.0,,,,,,,,,,,,
1970,COL,6.20779696127698,13.2705169920463,,,,6.90862275848241,,20811782.0,,,,,,,,,,,,
1970,ECU,6.87192932488124,9.44122815724685,2.00283002853394,,,5.17127612015708,,6155387.0,,,,,,,,,,,,
1970,PER,3.36594600332614,17.4179498582572,,,,5.02523590072424,,13501237.0,,,,,,,,,,,,
1970,PRY,5.55342573311894,14.9170459550727,2.10519003868103,,,-0.859556021006909,,2388028.0,,,,,,,,,,,,
1970,URY,2.33321338074524,13.8867924528302,,,,16.3061449435998,,2790807.0,,,,,,,,,,,,
1970,VEN,7.71191438124382,23.2505526189332,4.16286993026733,,,,,11387790.0,,,,,,,,,,,,
1971,ARG,5.65813108184925,6.00723288128889,,,,,,24257208.0,,,,,,,,,,,,
1971,BOL,5.06333643861971,21.3890596189305,,,,3.67461430575032,,4694342.0,,,,,,,,,,,,
1971,BRA,11.3429219931908,6.45722050038782,,,,,,97739273.0,,,,,,,,,,,,
1971,CHL,9.57107393842624,10.716133229753,,,,20.0522312040536,,10009701.0,,,,,,,,,,,,
1971,COL,5.9607279462907,11.9664370116624,,,,11.9402616979216,,21319096.0,,,,,,,,,,,,
1971,ECU,6.29260619739669,10.5804061171855,1.87940001487732,,,9.52167078004847,,6340052.0,,,,,,,,,,,,
1971,PER,4.59053992759885,13.8397540584195,,,,6.79063936495415,,13838067.0,,,,,,,,,,,,
1971,PRY,5.538151942856,13.3753702111398,2.26543998718262,,,4.95325693640987,,2442537.0,,,,,,,,,,,,
1971,URY,-0.251711531030196,10.2844010341856,,,,23.9530889061731,,2806462.0,,,,,,,,,,,,
1971,VEN,1.47929120998992,25.2333700845277,4.1799201965332,,,,,11741008.0,,,,,,,,,,,,
1972,ARG,1.62841651825939,7.19776583908352,1.93620002269745,,,,,24644328.0,,,,,,,,,,,,
1972,BOL,7.967485209709,21.1124401913876,,,,6.5115440115437,,4800978.0,,,,,,,,,,,,
1972,BRA,11.9403481162508,7.27211396407972,,,,,,100146797.0,,,,,,,,,,,,
1972,CHL,-0.712365918422577,9.38247125248678,,,31.8448459789964,77.7957404755204,,10174678.0,,,,,,,,,,,,
1972,COL,7.66914754440097,13.2548229561108,,,,12.4444589907729,,21819563.0,,,,,,,,,,,,
1972,ECU,5.01764070581541,12.4079121734925,,,,7.52511790034726,,6529034.0,,,,,,,,,,,,
1972,PER,3.47753512310473,13.7498876167536,,,12.6535900162032,7.21972216770545,,14210147.0,,,,,,,,,,,,
1972,PRY,6.63129747573396,13.7669119392357,,,,9.18037497303685,,2499881.0,,,,,,,,,,,,
1972,URY,-1.31956986163931,15.4362416107383,,,24.9526759593874,76.4849237828812,,2821644.0,,,,,,,,,,,,
1972,VEN,1.28280503619396,23.2867223830119,4.83728981018066,,,,,12099180.0,,,,,,,,,,,,
1973,ARG,2.81175403849035,7.61266772119213,1.78051996231079,,,,,25046005.0,,,,,,,,,,,,
1973,BOL,5.73916152572542,27.7144666033555,,,,31.4860287891618,,4910200.0,,,,,,,,,,,,
1973,BRA,13.9687217796782,7.84487342902518,,,,,,102600976.0,,,,,,,,,,,,
1973,CHL,-5.03775611682208,12.9847521804698,,,25.9126676776096,352.810986573029,,10340362.0,,,,,,,,,,,,
1973,COL,6.72295496919133,14.9243296594835,,,,22.5296486781843,,22325374.0,,,,,,,,,,,,
1973,ECU,13.9506821300277,17.8780376822995,,,,12.1281464590342,,6722033.0,,,,,,,,,,,,
1973,PER,6.27693475562022,13.3257085992292,3.39172005653381,,13.1615259285544,9.48905109503398,,14582867.0,,,,,,,,,,,,
1973,PRY,7.30281290740682,14.9636869504213,,,,12.796894532602,,2561102.0,,,,,,,,,,,,
1973,URY,0.275199617416817,10.4178928781636,,,15.9211300765156,96.9972653187058,,2837133.0,,,,,,,,,,,,
1973,VEN,7.10995789495577,28.666129714824,,,,,,12463537.0,,,,,,,,,,,,
1974,ARG,5.5338043957736,6.9025707976099,1.92351996898651,,,,,25461351.0,,,,,,,,,,,,
1974,BOL,2.9395678082784,35.2924380145624,,,,62.8360756029239,,5022475.0,,,,,,,,,,,,
1974,BRA,8.15393868457201,7.67312781088189,,,,,,105089675.0,,,,,,,,,,,,
1974,CHL,1.2495800122858,19.0915586902565,3.75120997428894,,23.4956410236158,504.738541215978,,10505817.0,,,,,,,,,,,,
1974,COL,5.74575718912141,14.540113653283,,,,23.8709573656697,,22833469.0,,,,,,,,,,,,
1974,ECU,11.208509630308,22.6520505462625,,,,22.7040816226158,,6918573.0,,,,,,,,,,,,
1974,PER,9.38683491938303,14.1143064884239,,,11.7466816934577,16.8916666665703,,14956552.0,,,,,,,,,,,,
1974,PRY,8.38152543650033,15.508549730118,,,,25.2333177791075,,2625621.0,,,,,,,,,,,,
1974,URY,2.89534459834873,14.3820674917639,,,21.9259193304247,77.213413779201,,2853944.0,,,,,,,,,,,,
1974,VEN,2.06933320169284,42.9378797868739,3.94795989990234,,,,,12835351.0,,,,,,,,,,,,
1975,ARG,-0.0284121037110907,5.82405179865594,1.84360003471375,,,,,25874107.0,,,,,,,,,,,,
1975,BOL,7.31101773140009,25.9383183008438,,,,7.97674602546866,,5137539.0,,,,,,,,,,,,
1975,BRA,5.16664908406321,7.21800682637617,,,,,,107619565.0,,,,,,,,,,,,
1975,CHL,-12.2737621533613,23.5245398375081,3.59472990036011,,27.0326830601169,374.735274232635,,10671559.0,,,,,,,,,,,,
1975,COL,2.32325528115796,15.8172635445363,,,,23.4375025650554,,23344644.0,,,,,,,,,,,,
1975,ECU,10.9721540022298,16.0708936407758,,,,14.2896742946894,,7118251.0,,,,,,,,,,,,
1975,PER,4.30086316548426,10.5626215935701,,,13.6059371383913,23.6187352963326,,15333957.0,,,,,,,,,,,,
1975,PRY,6.85244471412953,13.2089540482779,,,,6.69306008366748,,2691648.0,,,,,,,,,,,,
1975,URY,6.09691431298931,16.7804323094425,,,22.5129566426495,81.4053840067419,,2872320.0,,,,,,,,,,,,
1975,VEN,2.89625778007156,32.8577113922336,5.19851016998291,,,,,13215892.0,,,,,,,,,,,,
1976,ARG,-2.01825151683394,9.17538829640174,1.16563999652863,,,,,26282283.0,,,,,,,,,,,,
1976,BOL,4.61456748598627,27.6766605081676,,,,4.49401164707216,,5256496.0,,,,,,,,,,,,
1976,BRA,10.2571295347867,7.01316307160746,,,,,,110213349.0,,,,,,,,,,,,
1976,CHL,3.60469484521828,23.521081168837,,,25.2156040705981,211.924302225904,,10838251.0,,,,,,,,,,,,
1976,COL,4.7283687345395,17.0462359328912,,,,19.8312249167931,,23858810.0,,,,,,,,,,,,
1976,ECU,7.39718761871015,16.0356359447623,,,,10.1746301165654,,7320912.0,,,,,,,,,,,,
1976,PER,1.44711099517411,11.72908337768,,,14.2309060948965,33.4832756634566,,15716809.0,,,,,,,,,,,,
1976,PRY,7.52594953142729,14.6602263756079,,,,4.47461474664498,,2758836.0,,,,,,,,,,,,
1976,URY,3.93547017536275,19.5594015259108,,,22.9299468243221,50.623049560462,,2891392.0,,,,,,,,,,,,
1976,VEN,7.72773984679836,29.7245825438181,,,,,,13606284.0,,,,,,,,,,,,
1977,ARG,6.93414775653342,9.61589241271337,1.71984004974365,,,,,26701805.0,,,,,,,,,,,,
1977,BOL,4.97121565700267,26.7741286136789,,,,8.10725552050415,,5379166.0,,,,,,,,,,,,
1977,BRA,4.93432806978961,7.24526115542366,,,,,,112875292.0,,,,,,,,,,,,
1977,CHL,11.1491944807539,19.30299696202,,,26.6254808945812,91.9541325565104,,11005519.0,,,,,,,,,,,,
1977,COL,4.15850545346419,16.8656576758763,,,,33.802818357982,,24393494.0,,,,,,,,,,,,
1977,ECU,1.6048421092884,16.3028768282836,2.41883993148804,,,12.9444138723701,,7526819.0,,,,,,,,,,,,
1977,PER,0.349063699303812,15.4747805945055,,,13.2224562005043,38.0540914196793,,16109806.0,,,,,,,,,,,,
1977,PRY,11.4940816019955,19.4539702289729,,,,9.35985291662838,,2827874.0,,,,,,,,,,,,
1977,URY,1.45546117847255,19.8964408065064,,,21.8206543058134,58.1961750215737,,2909461.0,,,,,,,,,,,,
1977,VEN,6.27078351298833,27.0967078982184,5.25665998458862,,,,,14006812.0,,,,,,,,,,,,
1978,ARG,-4.50612480201359,8.60838993811478,1.93554997444153,,,,,27132158.0,,,,,,,,,,,,
1978,BOL,2.05269456633279,22.595143746177,,,,10.3556722757191,,5504123.0,,,,,,,,,,,,
1978,BRA,4.96989768924738,6.69298607932397,,,,,,115600942.0,,,,,,,,,,,,
1978,CHL,8.02682491365691,19.3577462434404,3.07045006752014,,26.3320411036236,40.0872246313854,,11172695.0,,,,,,,,,,,,
1978,COL,8.4699008376688,16.6259660665848,,,,17.7631590853462,,24950337.0,,,,,,,,,,,,
1978,ECU,5.70682494541619,14.7319827064124,,,,13.098138583854,,7736167.0,,,,,,,,,,,,
1978,PER,-2.64250297882154,20.1828888617999,,,15.6674779142856,57.8487826251505,,16516059.0,,,,,,,,,,,,
1978,PRY,12.0287299461216,18.420236744362,,,,10.6602475929181,,2899269.0,,,,,,,,,,,,
1978,URY,5.37398534767648,18.8469744151528,,,21.4700383079581,44.5483436672392,,2925715.0,,,,,,,,,,,,
1978,VEN,2.34689637191244,24.097775937537,,,,,,14416684.0,,,,,,,,,,,,
1979,ARG,10.2227634638681,6.5109154667574,2.4002799987793,,,,,27568895.0,,,,,,,,,,,,
1979,BOL,0.133344047803647,24.1747034696819,,,,19.7197167787999,,5630849.0,,,,,,,,,,,,
1979,BRA,6.7595601220408,7.24078004876568,,,,,,118380821.0,,,,,,,,,,,,
1979,CHL,8.43582175738598,21.6869463205334,3.48236989974976,,23.6525965818596,33.3892190102252,,11339779.0,,,,,,,,,,,,
1979,COL,5.37911898820207,15.2164715006599,1.75434005260468,,,24.1340757440455,,25515626.0,,,,,,,,,,,,
1979,ECU,3.73404840305636,17.908078493992,,,,10.1171908690016,,7948869.0,,,,,,,,,,,,
1979,PER,4.09075057410003,27.005023253703,,,13.332707079904,66.6944229664876,,16933139.0,,,,,,,,,,,,
1979,PRY,11.862146971295,16.0582466539996,,,,28.1610386024436,,2973968.0,,,,,,,,,,,,
1979,URY,6.1991167323612,16.8331008998286,1.98713004589081,,18.1404727431003,66.8442861850437,,2939903.0,,,,,,,,,,,,
1979,VEN,0.76435514542564,29.9058906213145,,,,,,14834552.0,,,,,,,,,,,,
1980,ARG,1.51878394990179,5.06197268111518,2.60715007781982,,,,,28011596.0,5.7,0.0,,0.0,,,,,,,,
1980,BOL,-1.37177291052775,24.5274539587809,,,,47.2416501018426,,5758900.0,,,,,,,,,,,,
1980,BRA,9.19999999999976,8.96239487326747,,,,,,121207461.0,,,,,,,,,,,,
1980,CHL,8.17228334347537,21.2684484447529,4.21999979019165,,23.7589617793258,35.1383405330485,,11508550.0,,,,,,,,,,,,
1980,COL,4.08735367550767,16.217980786889,1.72912001609802,,,26.5526531495356,,26104498.0,60.63,20.94,,37.06,,,,,,,,
1980,ECU,3.70868296743329,17.1480264889783,,,,11.9092893836134,,8165877.0,,,,,,,,,,,,
1980,PER,5.94333539830841,25.5205221140736,,,18.7634055633016,59.1450712444914,,17360949.0,,,,,,,,,,,,
1980,PRY,11.712145943448,13.8456158256001,,,,22.4473301362177,,3053235.0,,,,,,,,,,,,
1980,URY,5.84340090113461,15.032970370049,2.15950989723206,,20.182421586916,63.4758304314673,,2951953.0,,,,,,,,,,,,
1980,VEN,-4.42132236441776,32.6241438861373,4.40072011947632,,,,,15258218.0,,,,,,,,,,,,
1981,ARG,-5.18978914135593,6.92104948030999,,,,,,28463959.0,,,,,,,,,,,,
1981,BOL,0.27561637277573,23.2663260926749,,,,32.1336011133424,,5888109.0,,,,,,,,,,,,
1981,BRA,-4.24999999999956,9.62284037096842,,,,101.725072957927,,124063109.0,66.98,23.95,,42.87,,,,,,,,
1981,CHL,6.71863895635887,15.2466633451147,4.91429996490479,,24.9673373962757,19.6868327084319,,11678717.0,,,,,,,,,,,,
1981,COL,2.27687274512178,11.8512305745539,2.59723997116089,,,27.4537624347993,,26713267.0,,,,,,,,,,,,
1981,ECU,5.61286412023385,14.6178458363348,,,,14.0479686718868,,8386910.0,,,,,,,,,,,,
1981,PER,5.55204181484046,18.561803025361,,,17.3914359518703,75.4332687576064,,17798805.0,,,,,,,,,,,,
1981,PRY,9.17045884942912,11.1624421996108,,,,12.9746974698193,,3137604.0,,,,,,,,,,,,
1981,URY,1.55955982937495,15.2041124379445,,,23.7697906883134,34.0453358609474,,2963246.0,17.27,0.0,,4.17,,,,,,,,
1981,VEN,-0.362810903072699,30.5023701999944,5.18743991851807,,,,,15687297.0,38.87,6.68,,18.56,,,,,,,,
1982,ARG,-0.735659159103619,9.09049307859513,1.59786999225616,,,,,28924262.0,,,,,,,,,,,,
1982,BOL,-3.93873792499608,29.0643788798214,,,,123.535718565329,,6018088.0,,,,,,,,,,,,
1982,BRA,0.829999999999529,7.90048452532258,,,,100.54335919485,,126923155.0,66.4,24.4,,43.0,,,,,,,,
1982,CHL,-11.5020620535762,18.4422561478579,,,30.4467834585012,9.94102693041832,,11850214.0,,,,,,,,,,,,
1982,COL,0.948420786604515,10.9128345916266,,,,24.7209882528585,,27338331.0,,,,,,,,,,,,
1982,ECU,0.614845351988635,14.6564911171017,,,,16.2844880461285,,8611298.0,,,,,,,,,,,,
1982,PER,-0.2227234441863,18.8184767340648,,,16.4373901986816,64.4481585387929,,18246503.0,,,,,,,,,,,,
1982,PRY,-1.39761771803515,12.1378758276349,,,,5.12006543713188,,3226189.0,,,,,,,,,,,,
1982,URY,-9.75787146088504,14.3258672173782,,,27.7854017916476,18.9925012952182,,2975492.0,,,,,,,,,,,,
1982,VEN,-2.07100607069904,25.0503659859648,5.00895023345947,,,,,16121874.0,,,,,,,,,,,,
1983,ARG,4.34909327926756,9.15152068682072,1.61749994754791,,,,,29391332.0,,,,,,,,,,,,
1983,BOL,-4.04212140271022,28.3167867521197,,,,275.586283560362,,6149060.0,,,,,,,,,,,,
1983,BRA,-2.92999999999996,12.2437555659291,,,,135.027682230473,,129790077.0,72.1,30.58,,50.92,,,,,,,,
1983,CHL,-4.9352297090374,23.1190708543507,,,28.6911024663033,27.2571946726204,,12026138.0,,,,,,,,,,,,
1983,COL,1.57395603843689,10.4595176968158,,,,19.5973170624765,,27988173.0,,,,,,,,,,,,
1983,ECU,-0.336868770002951,15.5596149638646,,,,48.4182220804492,,8840417.0,,,,,,,,,,,,
1983,PER,-10.408085798297,21.7352180455136,,,18.3050183246499,111.150635209157,,18705957.0,,,,,,,,,,,,
1983,PRY,-3.0426178847186,9.25558053041867,,,,13.4337555631631,,3318068.0,,,,,,,,,,,,
1983,URY,-10.274399195032,25.6888736851108,,,24.6392428518487,49.1973796505637,,2988778.0,,,,,,,,,,,,
1983,VEN,-3.76481712341422,22.6855128540545,6.0598201751709,,,,,16562205.0,,,,,,,,,,,,
1984,ARG,1.57073870182023,7.5898953117888,2.56972002983093,,,,,29863093.0,,,,,,,,,,,,
1984,BOL,-0.200665696939353,23.6548634386039,,,,1281.34994174486,,6281868.0,,,,,,,,,,,,
1984,BRA,5.39999999999988,15.0354125354877,,,,192.121733132051,,132658864.0,72.2,29.9,,50.1,,,,,,,,
1984,CHL,3.98371018713553,22.4552872653066,,,29.2660041188668,19.8602056602626,,12207733.0,,,,,,,,,,,,
1984,COL,3.35068373940706,11.8847923447279,3.00429010391235,,,16.1616171361426,,28642690.0,,,,,,,,,,,,
1984,ECU,2.62527326806389,17.3764203987504,4.20342016220093,,,31.2195815120372,,9074782.0,,,,,,,,,,,,
1984,PER,3.60828653816966,21.8165055057893,,,17.4194438867964,110.208519562543,,19174716.0,,,,,,,,,,,,
1984,PRY,2.81659944601458,18.3737201290961,,,,20.3114625460255,,3412936.0,,,,,,,,,,,,
1984,URY,-1.142617449752,26.5806208870658,2.37338995933533,,24.4964883288577,55.3044235418763,,3002488.0,,,,,,,,,,,,
1984,VEN,1.44216463345981,25.0604420194633,4.06372976303101,,,,,17008841.0,,,,,,,,,,,,
1985,ARG,-5.18902435343904,11.7360980207352,1.36186003684998,,,,,30336441.0,,,,,,,,,,,,
1985,BOL,-1.67638978272154,19.0499334729456,,,,11749.6396321438,,6416185.0,,,,,,,,,,,,
1985,BRA,7.85000000000042,12.9485790961438,,,,225.989665211895,,135515595.0,67.96,25.75,,45.2,,,,,,,,
1985,CHL,3.55239860775048,25.9350262014508,,,25.4285852757308,30.7034989096151,,12395274.0,,,,,,,,,,,,
1985,COL,3.1071061957296,13.8077759786125,2.71527004241943,,,24.090174368125,,29268470.0,,,,,,,,,,,,
1985,ECU,3.93500141252335,19.6813709732654,5.23334980010986,,,27.9936107429224,,9311154.0,,,,,,,,,,,,
1985,PER,2.06113206625895,26.1450554489082,,,17.0338356726668,163.399505243688,,19648204.0,35.3,3.52,,11.94,,,,,,,,
1985,PRY,4.5231356783092,27.0817516165298,1.39584994316101,,,25.2107164358818,,3510671.0,,,,,,,,,,,,
1985,URY,1.46653602887281,26.7565263896781,2.56679010391235,,23.8681184610756,72.2225644287756,,3017037.0,,,,,,,,,,,,
1985,VEN,0.193300161365073,22.5496997252233,,,,,,17461434.0,,,,,,,,,,,,
1986,ARG,6.15337706275693,8.16197754429543,1.261549949646,,,,,30811980.0,4.8,1.1,,1.8,,,,,,,,
1986,BOL,-2.57388420056628,21.324012266832,,,11.9714543270861,276.335967563202,,6552479.0,,,,,,,,,,,,
1986,BRA,7.48999999999982,9.21727907000127,,,,147.142826237604,,138336370.0,49.5,12.3,,26.1,,,,,,,,
1986,CHL,5.40556438635799,26.8922386904566,,,23.6614513053869,19.4768379232582,,12588914.0,,,,,,,,,,,,
1986,COL,5.82407613745866,18.8372464406075,,,,18.8424631612406,,29879112.0,,,,,,,,,,,,
1986,ECU,3.46478251574867,15.6294034750431,6.87237977981567,,,23.0302261142618,,9545998.0,,,,,,,,,,,,
1986,PER,9.42596236073652,16.442611490561,,,16.9362407876685,77.9210255473595,,20117122.0,,,,,,,,,,,,
1986,PRY,4.96483566571362,34.2863027591859,,,,31.7425972672999,,3611474.0,,,,,,,,,,,,
1986,URY,8.80980829469384,26.215089241495,3.1028299331665,,24.1308598246503,76.3806364119544,,3032845.0,,,,,,,,,,,,
1986,VEN,6.51034502827659,19.2929480837006,,,,,,17923536.0,,,,,,,,,,,,
1987,ARG,2.70486882770558,7.87320581340031,1.28229999542236,,,,,31291762.0,7.62,1.19,,2.09,,,,,,,,
1987,BOL,2.4634846196991,19.6304753728154,,,12.1675796191782,14.5786984489191,,6692162.0,,,,,,,,,,,,
1987,BRA,3.52999999999983,9.82848202733551,,,,228.336162575513,,141104944.0,59.17,19.95,,36.47,,,,,,,,
1987,CHL,6.73884253090458,27.899127374623,2.8232901096344,,20.7590817242419,19.8808457201905,,12790150.0,62.12,15.38,,34.78,,,,,,,,
1987,COL,5.36893214821323,16.9496695982325,,,,23.302028364018,,30499467.0,,,,,,,,,,,,
1987,ECU,-0.259098708877119,15.3660870665061,,,,29.5039972488395,,9779290.0,59.64,17.62,,32.7,,,,,,,,
1987,PER,9.72614643050372,12.6654214090224,,,15.8521851232819,85.8223062381846,,20582320.0,,,,,,,,,,,,
1987,PRY,7.58230437604178,36.3741545715966,,,,21.8102740350983,,3714889.0,,,,,,,,,,,,
1987,URY,7.99313720510438,21.6486953004817,,,23.1448446373588,63.5666624326724,,3049896.0,,,,,,,,,,,,
1987,VEN,3.5816499384792,20.2396826057801,3.92751002311707,,,,,18394963.0,41.9,7.0,,20.3,,,,,,,,
1988,ARG,-1.08993334133791,9.53161297293404,,,,,,31780532.0,,,,,,,,,,,,
1988,BOL,2.90949796034216,18.767446879255,,,11.6792372729839,16.0020910549391,,6835508.0,,,,,,,,,,,,
1988,BRA,-0.059999999999917,11.6673585476931,,,,629.114509120897,,143826357.0,61.4,22.4,,39.3,,,,,,,,
1988,CHL,7.35081069623416,32.3093535908079,,,19.1532963800615,14.684351250082,,12999424.0,,,,,,,,,,,,
1988,COL,4.06417324490376,16.2861676254084,,,,28.1083969771704,,31130524.0,54.1,14.6,,29.5,,,,,,,,
1988,ECU,5.89046729088525,19.0058510014465,,,,58.2162865413938,,10010808.0,,,,,,,,,,,,
1988,PER,-9.44127344629392,15.0994904239533,,,13.2129414606553,667.019328585961,,21054702.0,,,,,,,,,,,,
1988,PRY,5.91537206556045,48.3846821014669,,,,22.5942571785268,,3820546.0,,,,,,,,,,,,
1988,URY,1.48093746177193,22.0578881217247,,,22.4398061407772,62.1919564596004,,3067961.0,,,,,,,,,,,,
1988,VEN,5.82136841978142,19.9546195219648,3.62941002845764,,,,,18871020.0,,,,,,,,,,,,
1989,ARG,-7.15694965597953,13.0584089085641,1.04612004756927,,,,,32270948.0,,,,,,,,,,,,
1989,BOL,3.79013096203759,22.4982161104834,,,13.0645371204366,15.1734681125732,,6981766.0,,,,,,,,,,,,
1989,BRA,3.16000000000032,8.92960967188901,,,,1430.7237251472,,146502972.0,58.34,20.4,,36.41,,,,,,,,
1989,CHL,10.3583568690228,33.5152629480169,,,17.6122706252634,17.0279367308962,,13215005.0,,,,,,,,,,,,
1989,COL,3.41409610966596,18.0025634113097,2.70525002479553,,,25.8675480831988,,31776279.0,55.39,14.0,,29.93,,,,,,,,
1989,ECU,1.00577794490313,20.2830489687176,,,,75.6481901026386,,10241852.0,,,,,,,,,,,,
1989,PER,-12.3120414471296,11.3296364132411,,,12.9775901784494,3398.67901005332,,21532589.0,,,,,,,,,,,,
1989,PRY,6.93520391103523,51.8801101548043,,,,26.4221267235586,,3927802.0,,,,,,,,,,,,
1989,URY,1.1039010238153,23.4938691449652,,,22.87255219339,80.4474367280735,,3086255.0,13.6,0.7,,3.3,,,,,,,,
1989,VEN,-8.56988201329985,33.020834091982,,,,,,19348921.0,32.65,5.32,,12.05,,,,,,,,
1990,ARG,-2.46721377810472,10.3595365925264,1.06737995147705,,10.3254404487432,,17007.2844317191,32755901.0,,,,,,,,,,,,
1990,BOL,4.63578742813276,22.7769821388572,,,14.1920657191537,17.1187746048239,5124.48798110938,7130142.0,42.18,1.08,,15.12,,,,,,,,
1990,BRA,-4.35000000000022,8.1972364845005,,,,2947.732772483,12633.2884560597,149143223.0,63.7,24.0,,41.6,,,,,,,,
1990,CHL,3.59872304691744,32.2119449244153,2.25015997886658,,16.6743057220946,26.0364811362364,10952.6557541746,13437176.0,56.0,10.7,,28.1,,,,,,,,
1990,COL,4.28199833053058,18.8626690286416,,,,29.1520245976215,9998.81069684463,32440069.0,,,,,,,,,,,,
1990,ECU,3.67991405308877,22.7643720219304,,,,48.5191129963729,9104.81599790272,10473673.0,,,,,,,,,,,,
1990,PER,-4.98256353646605,15.697191461944,,,19.4571009482427,7481.66361124526,6317.07906710902,22014771.0,,,,,,,,,,,,
1990,PRY,4.12328287941739,52.2235305170331,1.04070997238159,,,37.2599561799201,9962.48027842986,4035747.0,21.77,1.19,,4.66,,,,,,,,
1990,URY,0.297348378681562,23.5321233746953,,,21.9130325715206,112.525905573023,14060.8454762218,3104403.0,,,,,,,,,,,,
1990,VEN,6.46794085305808,38.1753164731902,2.44671010971069,,,,,19827010.0,,,,,,,,,,,,
1991,ARG,9.13311056738961,7.67504334832217,,,11.2055409345172,,18295.6091996812,33230294.0,14.3,1.0,,3.0,,,,,,,,5.44
1991,BOL,5.26652666784713,21.4793468638824,,,14.5284411457768,21.4470698171141,5283.1182549384,7280289.0,,,,,,,,,,,,2.934
1991,BRA,1.03218958549303,8.67763659887868,,,,432.786661926461,12546.5605005559,151724256.0,,,,,,,,,,,,6.894
1991,CHL,7.75620189312957,30.9848794845346,,,16.9551172110084,21.7844124277757,11607.5304034269,13662491.0,,,,,,,,,,,,5.23
1991,COL,2.00160759559029,19.0945389024404,,,,30.3878204854436,9996.0978604328,33098372.0,52.1,12.8,,27.3,,,,,,,,10.12
1991,ECU,4.29134246404705,23.6745835890502,,,,48.718080675219,9292.61779173762,10702380.0,,,,,,,,,,,,4.385
1991,PER,2.2192591027909,12.2023866654061,,,14.56901630511,409.530166622023,6322.5749048607,22483775.0,,,,,,,,,,,,4.934
1991,PRY,3.49365015491472,50.8420685695162,,,,24.2253521126763,10040.3122459121,4144364.0,,,,,,,,,,,,5.1
1991,URY,3.53880850451309,20.6936682982543,2.47907996177673,,23.3610469711841,101.971683202507,14474.7327106176,3122354.0,,,,,,,,,,,,8.95
1991,VEN,9.72988797714595,30.3401819659113,,,,,,20304896.0,,,,,,,,,,,,9.45
1992,ARG,7.93729155643076,6.5981874720374,,,11.8011099217048,,19476.2840606477,33693527.0,14.87,1.67,,4.09,,,,,,,,6.36
1992,BOL,1.64649818317069,20.0457617754806,,,17.5620012095936,12.060323601829,5261.66167770736,7430336.0,58.2,8.7,,26.3,,,,,,,,3.031
1992,BRA,-0.54407204977727,10.8683116605935,,,,951.962053052818,12271.9788478727,154275079.0,65.4,23.29,,40.73,,,,,,,,7.086
1992,CHL,11.5019314370192,28.5950704800945,,,16.3836227075877,15.4258064688928,12735.6013333406,13884577.0,50.72,6.7,,21.62,,,,,,,,4.35
1992,COL,4.04492943933556,16.5185546953654,,,,27.0106266231361,10196.4329707468,33760571.0,54.19,9.56,,23.87,,,,,,,,9.44
1992,ECU,2.11431064978969,24.1337401413123,,,,54.6078215093597,9291.3710483042,10930128.0,,,,,,,,,,,,4.346
1992,PER,-0.540509124723926,12.51350576868,,,17.1550178825329,73.5282942442641,6161.63575258419,22946340.0,,,,,,,,,,,,5.071
1992,PRY,1.69642801124701,49.8340111967107,,,,15.192743764172,9948.42118145512,4253600.0,,,,,,,,,,,,4.98
1992,URY,7.93158841395443,20.4475748164263,2.41153001785278,,25.032102625511,68.4591938395374,15536.4872092796,3139702.0,11.09,0.56,,2.63,,,,,,,,8.96
1992,VEN,6.06047326248849,25.5014894167542,4.31067991256714,,,,,20780948.0,35.0,4.5,,11.7,,,,,,,,7.69
1993,ARG,8.20697907221228,6.90935153370832,,,14.2818561185834,,20791.3451479504,34152717.0,15.1,2.0,,4.9,,,,,,,,10.1
1993,BOL,4.26929611661502,19.0807651898888,,,20.3773917815907,8.52787695688003,5378.5440973202,7579195.0,,,,,,,,,,,,3.05
1993,BRA,4.9246900037071,10.5032716554144,,,,1927.38079016026,12669.4287209749,156794577.0,64.3,22.1,,39.7,,,,,,,,6.03
1993,CHL,6.6855844008042,25.5450555023598,2.38371992111206,,16.3830092415828,12.7277669490964,13377.3053213538,14102276.0,,,,,,,,,,,,4.49
1993,COL,5.38540993901029,15.1844952854784,,,,22.4424828533275,10533.1149561734,34441473.0,,,,,,,,,,,,7.8
1993,ECU,1.97321813678619,20.0358408321345,,,,44.9550537592163,9284.31503431235,11154274.0,,,,,,,,,,,,4.415
1993,PER,5.24357700773291,12.4506751041035,,,15.3093438316222,48.5799864468885,6355.26196593997,23413783.0,,,,,,,,,,,,4.803
1993,PRY,4.93635941475281,59.9203075195212,,,,18.2086614173228,10178.4547948453,4362696.0,,,,,,,,,,,,5.06
1993,URY,2.65754610698545,19.1260158469537,,,28.8880460014056,54.1007924425194,15865.2775154336,3156345.0,,,,,,,,,,,,8.35
1993,VEN,0.275388157561835,26.0872681453997,3.81783008575439,,,,,21254520.0,,,,,,,,,,,,6.6
1994,ARG,5.83620070368526,7.52994872591672,,,14.9007924176507,,21711.842788091,34613491.0,15.68,1.91,,4.42,,,,,,,,11.76
1994,BOL,4.66726510266786,21.6633117424271,,,18.9761004512685,7.87404421467434,5521.66025440424,7727322.0,,,,,,,,,,,,3.08
1994,BRA,5.85287036219013,9.51307642702004,,,,2075.88839757325,13202.9308011881,159265006.0,,,,,,,,,,,,6.578
1994,CHL,5.07680374667352,27.2530179794726,2.51182007789612,,15.8593050019995,11.4431196444973,13846.3481640718,14316256.0,47.1,6.8,,20.2,,,,,,,,5.87
1994,COL,5.81466190724336,14.9983618345688,,,,22.8462417553045,10927.9389491607,35127410.0,,,,,,,,,,,,8.25
1994,ECU,4.25825042741626,20.279818070143,,,,27.3108817940495,9494.17506194696,11372197.0,64.8,17.1,,35.0,,,,,,,,4.419
1994,PER,12.3083661848445,12.771482770164,,,15.4302640521815,23.7369050565046,6997.70582373207,23881493.0,68.58,17.41,,38.38,,,,,,,,4.505
1994,PRY,5.31791766023942,60.8203573533219,,,,20.5661948376355,10459.0898500479,4471417.0,,,,,,,,,,,,4.41
1994,URY,7.28134264410127,19.7668103889187,2.27171993255615,,30.1734587562912,44.7360421521933,16932.0284550546,3172834.0,,,,,,,,,,,,9.04
1994,VEN,-2.34950792823469,29.8660764305307,5.00603008270264,,,,,21725188.0,,,,,,,,,,,,8.56
1995,ARG,-2.84520961057079,9.68041025959015,,,15.5112306915719,,20819.4999479903,35070020.0,20.5,3.9,,7.4,,,,,,,,18.8
1995,BOL,4.67827659709971,22.5514216225024,,,17.7068003466498,10.1932067630745,5671.82158266672,7874676.0,,,,,,,,,,,,2.661
1995,BRA,4.22379363350413,7.52887503847073,4.56816005706787,,,66.0070335542481,13550.4393735843,161735073.0,52.64,14.74,,29.67,,,,,,,,7.092
1995,CHL,9.25542757753573,28.4806033041148,2.56469988822937,,15.0472060924644,8.23263034116114,14908.0347974549,14527381.0,,,,,,,,,,,,4.7
1995,COL,5.20243759278655,14.5337428892103,,,,20.8917930194849,11279.0004579347,35804662.0,,,,,,,,,,,,8.72
1995,ECU,2.25254865225104,21.2869033721764,1.99764001369476,,,22.9341344145802,9525.17701832407,11590514.0,64.36,13.81,,32.7,,,,,,,,4.417
1995,PER,7.41139504735119,12.5998852514905,,,17.5018085362913,11.1287029707089,7372.04245454078,24348919.0,,,,,,,,,,,,4.717
1995,PRY,6.82281030358578,61.7750273749308,,,,13.4254143646407,10908.2726627895,4579806.0,43.6,12.4,,23.5,,,,,,,,3.4
1995,URY,-1.44759896894408,18.9968128121984,2.521399974823,,27.1039553484046,42.2483197983755,16600.0391885928,3189440.0,11.0,0.5,,2.4,,,,,,,,10.02
1995,VEN,3.95166272391241,26.2312623568888,,,,,,22193821.0,51.16,9.93,,24.1,,,,,,,,10.24
1996,ARG,5.52668982715234,10.4285967560139,3.73198008537292,,15.1655476442657,,21695.5949515372,35513793.0,22.4,4.22,,8.35,,,,,,,,17.11
1996,BOL,4.36134195244576,22.5818705788073,,,18.8322628754362,12.4254866180049,5810.67445720966,8021736.0,,,,,,,,,,,,2.373
1996,BRA,2.20886405039022,6.73020968312685,,,,15.7576656002606,13641.6295995961,164202549.0,52.6,16.0,,30.0,,,,,,,,8.035
1996,CHL,7.1148626270751,25.9504475024431,2.77720999717712,,15.7384446004602,7.35911781788767,15744.7380005491,14734046.0,41.37,4.66,,16.2,,,,,,,,7.414
1996,COL,2.05585471287195,15.199461701397,,,,20.7975755127402,11303.1308859186,36462745.0,61.5,17.6,,34.2,,,,,,,,11.81
1996,ECU,1.73174762607862,22.2732846879762,,,,24.4114592150674,9509.27540633173,11810950.0,,,,,,,,,,,,4.43
1996,PER,2.79897307912609,13.3165199179977,3.11879992485046,,17.0499092960488,11.5379424115177,7437.19257195658,24811171.0,,,,,,,,,,,,4.931
1996,PRY,1.57378513175006,52.74050158026,,,,9.79968339016083,10825.2874881073,4687543.0,,,,,,,,,,,,8.15
1996,URY,5.57795776385868,19.6699797975865,2.86986994743347,,27.8050541999224,28.3420486004309,17433.6932851628,3206324.0,11.6,0.59,,2.7,,,,,,,,11.93
1996,VEN,-0.197837256663462,35.3343058736758,,,,,,22662113.0,,,,,,,,,,,,11.77
1997,ARG,8.1110467707457,10.5608501019262,,,15.0142218610321,,23172.1583398342,35947791.0,21.3,3.8,,7.8,,,,,,,,14.82
1997,BOL,4.95420874299721,21.1106028890051,,,19.688854008682,4.70844436028193,5989.41431945001,8167900.0,46.07,15.54,,26.07,,,,,,,,2.08
1997,BRA,3.39484598630671,6.98364957530895,,,,6.92671251629154,13896.6249901072,166661659.0,53.0,15.98,,30.17,,,,,,,,9.003
1997,CHL,7.3917392684331,25.878004271776,2.98516988754272,,15.864974471906,6.13386464357927,16683.9059031298,14932434.0,,,,,,,,,,,,7.136
1997,COL,3.43029367788374,14.8415437434707,,,,18.4700217119089,11483.5050125907,37121149.0,,,,,,,,,,,,12.14
1997,ECU,4.32786475767577,21.5349262106698,,,,30.6575675722173,9739.26682428016,12031127.0,,,,,,,,,,,,4.431
1997,PER,6.47682442079709,14.4772602562861,,,16.6254155772893,8.56218948953653,7773.82700600992,25274147.0,61.34,19.84,,35.93,,,,,,,,4.768
1997,PRY,4.24251610269859,48.4697528692641,,,,6.94956608534118,11033.0157241302,4794412.0,38.0,10.55,,20.36,,,,,,,,5.36
1997,URY,8.54768320111596,17.457847722398,,,26.3155947200091,19.8188093183779,18823.9419170645,3223345.0,11.9,0.6,,2.5,,,,,,,,11.44
1997,VEN,6.37093140101881,29.2590106069999,,,,,,23131685.0,,,,,,,,,,,,11.16
1998,ARG,3.85017885156228,10.4155819610919,4.03986978530884,,15.0988005449104,,23783.1017185449,36372860.0,23.3,3.97,,8.28,,,,,,,,12.65
1998,BOL,5.02935475543072,19.6986848946719,,,19.6762972839685,7.67322895675083,6180.54968912851,8313394.0,,,,,,,,,,,,2.121
1998,BRA,0.338097901207306,7.03050033871807,4.75665998458862,,,3.19507629280052,13737.7026433556,169159655.0,52.0,14.3,,28.9,,,,,,,,10.15
1998,CHL,4.18088662700669,25.1435814171693,3.32312989234924,,17.2263941664218,5.11024954517559,17156.9718740639,15127799.0,38.9,4.6,,14.9,,,,,,,,7.307
1998,COL,0.569784088434517,15.0073508369912,3.92644000053406,,19.3166066677647,18.6769799276672,11343.8799115733,37792165.0,,,,,,,,,,,,15.0
1998,ECU,3.26652934570988,17.8919508668257,2.19536995887756,,,36.0984331623886,9876.7507512592,12251184.0,64.3,15.7,,35.9,,,,,,,,4.395
1998,PER,-0.391537555833821,13.7029018488677,3.27817988395691,,16.9243354286347,7.24782175213469,7603.80928968867,25738095.0,62.3,19.4,,34.9,,,,,,,,5.096
1998,PRY,0.0680377558080636,54.6398352009449,4.19833993911743,,,11.5532684355839,10802.5597410647,4900025.0,,,,,,,,,,,,4.417
1998,URY,4.51889009679091,16.4199105812284,2.24337005615234,,26.0815853642404,10.8110703055616,19577.7899664694,3239280.0,11.82,0.64,,2.41,,,,,,,,9.362
1998,VEN,0.29405516051952,20.920486481036,,,,,,23601337.0,48.3,10.4,,22.9,,,,,,,,11.15
1999,ARG,-3.38545704063269,9.82717451494235,4.52167987823486,,16.7436856974566,,22714.5111302701,36794682.0,24.2,4.2,,8.9,,,,,,,,14.05
1999,BOL,0.426885422588825,16.8808993524959,,,20.5041202732739,2.15951626835598,6099.5115222225,8459806.0,50.0,21.9,,32.0,,,,,,,,2.303
1999,BRA,0.467937566477133,9.5648982609794,3.80062007904053,,,4.85844749902667,13602.4137067874,171641543.0,53.81,14.97,,29.87,,,,,,,,11.125
1999,CHL,-0.2736313981937,28.309113885765,3.7083899974823,,18.7140038461769,3.33687917526023,16896.1244715786,15319313.0,,,,,,,,,,,,11.158
1999,COL,-4.20401524244947,18.3465787501541,4.44080018997192,,22.1201943516985,10.8736870857471,10679.7092686089,38454863.0,64.3,21.35,,38.16,,,,,,,,20.06
1999,ECU,-4.73938585363382,26.3775416402476,1.54734003543854,,,52.2420051858225,9242.96681019585,12470795.0,67.75,21.82,,40.49,,,,,,,,4.658
1999,PER,1.49491064308833,15.3968880071118,3.44133996963501,,17.8181315090752,3.46965996293019,7585.32788841374,26186504.0,62.12,19.34,,36.31,,,,,,,,5.01
1999,PRY,-1.36607971240079,42.7929400088689,4.23087978363037,,,6.75226586102725,10435.3986807096,5003135.0,41.4,10.2,,20.4,,,,,,,,5.343
1999,URY,-1.52094591992036,15.0976530821748,,,26.4423797587733,5.65868803927908,19192.7175685083,3254015.0,,,,,,,,,,,,10.466
1999,VEN,-5.97045814641,22.9117089002201,,,,,,24066593.0,53.11,11.83,,25.91,,,,,,,,14.53
2000,ARG,-0.78899893905691,10.9863752325576,4.58030986785889,8.22001076,16.8328883767368,,22281.3814299958,37213984.0,26.3,4.99,,10.7,,,,,,,,15.0
2000,BOL,2.50781080899483,18.2747449737713,,4.39554119,20.5536490053406,4.60822998872598,6146.02929379703,8606326.0,55.82,24.25,66.4,35.42,,,,,,,,2.447
2000,BRA,4.38794944745618,10.1880480043795,3.94893002510071,8.33457184,,7.04414105947266,14005.3471874231,174018282.0,,,,,,,,,,,,10.889
2000,CHL,4.9716214882971,30.1237538780926,3.75707006454468,7.00020742,20.1386805049182,3.84327295706565,17525.2717273479,15503635.0,41.39,5.83,36.0,15.99,,,,,,,,10.491
2000,COL,2.92486148176778,15.915139715438,3.5112099647522,5.63529348,16.9331428734368,9.22534818585366,10813.4942250011,39089934.0,59.5,17.5,,33.2,,,,,,,,20.52
2000,ECU,1.09180164720277,37.5510597560791,1.20265996456146,3.4825685,,96.0963756926096,9183.05155276919,12689206.0,75.9,28.2,,50.2,,,,,,,,4.8
2000,PER,2.69437139806912,16.7683737208169,3.22802996635437,4.41482639,18.4212887077482,3.75733833344474,7669.0953178046,26598331.0,62.4,19.3,,35.4,,,,,,,,4.958
2000,PRY,-2.31414056819045,43.3309260294934,4.2302098274231,6.01865244,,8.98215976750022,9998.59285445016,5100868.0,,,,,,,,,,,,7.61
2000,URY,-1.92993063549235,16.6980989454195,2.42254996299744,9.17182446,26.5509318784844,4.76382472733251,18752.0578112966,3266206.0,12.5,0.7,,2.4,,,,,,,,12.627
2000,VEN,3.68694416687683,29.7442196597828,,,,,,24526708.0,,,41.6,,,,,,,,,13.99
2001,ARG,-4.40883968258557,11.5790080825317,4.833740234375,8.37179852,16.9923529034125,,21066.4581290433,37624825.0,31.1,8.2,,15.4,,,,,,,,17.32
2001,BOL,1.68379912721825,19.972149230267,,4.82522202,24.2449169289855,1.58965377879568,6144.97829465098,8752736.0,51.8,19.0,63.1,29.8,,,,,,,,2.636
2001,BRA,1.38989640095637,12.37171066993,3.84468007087708,8.54963303,,6.84035902487523,14016.1313772236,176301203.0,48.0,13.0,,26.2,,,,,,,,10.649
2001,CHL,3.15403492459967,31.8473112661696,,7.09733105,20.0571230559933,3.56910053001467,17870.3008332711,15683849.0,,,,,,,,,,,,10.39
2001,COL,1.67789830787579,15.3871357665009,3.70867991447449,5.94238281,,7.96556090304834,10823.4504878807,39709262.0,67.03,21.0,,39.47,,,,,,,,15.04
2001,ECU,4.20627185748789,27.6071337228194,,3.97254419,,37.6767454518094,9405.11680690106,12910740.0,,,,,,,,,,,,4.252
2001,PER,0.617892325624297,16.6013795219337,3.03712010383606,4.72161007,18.2439858212758,1.97709878502053,7611.6662817532,26964601.0,63.91,20.25,,37.55,,,,,,,,5.063
2001,PRY,-0.834054716746095,40.6425889608269,3.83357000350952,5.60815811,,7.26806028584825,9749.25865842117,5187689.0,39.53,8.94,,18.43,,,,,,,,6.206
2001,URY,-3.84412995940374,16.8046592733471,2.80096006393433,9.75702,27.2702030108606,4.3593406521727,17986.9007596433,3274251.0,14.14,0.5,,2.79,,,,,,,,15.052
2001,VEN,3.3942361077907,22.7356315651648,,,,,,24979922.0,51.2,10.3,31.1,23.7,,,,,,,,13.04
2002,ARG,-10.8944848285903,28.3825969991682,4.01734018325806,7.3933115,19.6771706443151,,18571.7020471274,38029349.0,44.38,12.45,,23.97,,,,,,,,19.59
2002,BOL,2.48556573783829,21.6344550841802,7.1950478553772,4.89645052,28.7844354599794,0.92825885161107,6193.26347494844,8900355.0,53.81,19.69,63.3,31.63,,,,,,,,2.613
2002,BRA,3.05346185909312,14.2305902713775,3.75037002563477,8.69686985,,8.45016437708331,14265.9048770292,178503484.0,47.32,11.74,,25.33,,,,,,,,10.641
2002,CHL,3.20279913520113,32.2572203545438,4.04881000518799,7.20833778,20.0926250802076,2.48939816650705,18240.2015602857,15857925.0,,,,,,,,,,,,10.168
2002,COL,2.50398046659659,14.8155696775272,,5.73296547,,6.35150728778872,10925.1485602082,40324680.0,57.7,14.2,,30.9,,,,,,,,14.481
2002,ECU,4.92809549611376,25.7144168795696,,4.72293711,,12.4835980082095,9697.55517665978,13138472.0,,,,,,,,,,,,4.836
2002,PER,5.45352893818767,17.2748078529874,2.82056999206543,4.93902588,17.6134329055327,0.193135003853722,7931.57975039907,27288217.0,60.2,17.5,,34.2,,,,,,,,4.84
2002,PRY,-0.0214043949985694,47.4750765387374,3.40773010253906,4.75770569,,10.5102420856612,9610.74777842015,5261328.0,51.7,13.2,57.7,27.2,,,,,,,,9.393
2002,URY,-7.73200721540044,20.6216724821799,2.32220005989075,9.64023018,27.8910991697021,13.9724725913515,16572.7881760134,3278867.0,18.5,0.6,,3.9,,,,,,,,16.648
2002,VEN,-8.85564735286779,30.4335705492145,,,,,,25435671.0,60.7,16.4,41.1,32.6,,,,,,,,16.17
2003,ARG,8.83704079576924,25.9309429264224,3.53504991531372,6.89451647,19.8373029880995,,20005.1385113465,38424282.0,29.7,5.4,,12.7,,,,,,,,15.36
2003,BOL,2.71133983700673,25.6007344519017,6.62961912155151,5.19709635,28.2076378858982,3.33727499671534,6255.51558261865,9050700.0,,,,,,,,,,,,2.664
2003,BRA,1.14082899824888,15.1807837086861,,8.18899441,,14.7149197228147,14259.3664089322,180622688.0,48.7,12.6,,26.1,,,,,,,,11.168
2003,CHL,4.72324526861041,35.0609745308001,3.91868996620178,7.25047779,19.3366626993026,2.8101787574361,18902.8708740806,16024752.0,40.6,5.3,35.4,15.3,,,,,,,,9.765
2003,COL,3.91827190322513,16.5752997117627,,5.77505445,27.622281719396,7.1297886294186,11183.2911819793,40937429.0,57.97,13.01,,29.33,,,,,,,,13.221
2003,ECU,2.88450036512064,26.8417735156179,,5.70121288,,7.92936487461556,9802.81408202125,13372306.0,57.71,14.82,,30.74,,,,,,,,5.662
2003,PER,4.16502313666112,19.0146669472489,2.93779993057251,4.58703804,17.7708378805601,2.25937753363072,8174.37942683849,27580490.0,59.43,14.66,,32.33,,,,,,,,4.15
2003,PRY,4.32074548551591,47.1446575963153,3.3827600479126,4.90703917,,14.2367970499143,9903.45028992033,5326436.0,44.67,8.3,51.4,19.98,,,,,,,,6.814
2003,URY,0.805283915893824,27.4324201365808,2.0682098865509,9.57667351,27.9127259961418,19.3797301743995,16694.4389231595,3281186.0,24.51,0.81,,5.07,,,,,,,,16.661
2003,VEN,-7.75530004959883,33.8533894084396,,,,,,25892703.0,67.05,19.65,54.0,38.14,,,,,,,,16.78
2004,ARG,9.02957330068152,23.8476194239892,3.48652005195618,7.22868252,16.8763416365527,,21591.449396517,38815916.0,24.87,3.88,,9.76,,,,,,,,13.522
2004,BOL,4.17329558916248,31.1383905185998,6.84771823883057,4.86315727,27.2111987248072,4.43738080101725,6407.83811795626,9204287.0,45.8,10.2,63.1,21.1,,,,,,,,2.622
2004,BRA,5.75996463670954,16.5457615119353,3.97447991371155,8.12491989,,6.59718509985963,14911.2609608592,182675143.0,47.34,11.06,,24.41,,,,,,,,10.072
2004,CHL,6.67425416822923,39.6857495120642,3.54307007789612,6.91028595,18.2083109080648,1.05473871403517,19961.9835794233,16187322.0,,,,,,,,,,,,10.162
2004,COL,5.33302206759905,16.7707514248023,,5.79892111,,5.90402005546502,11607.9384935105,41543171.0,57.3,12.0,,28.8,,,,,,,,13.717
2004,ECU,6.83239736646514,29.0996886570109,,5.790411,,2.74323198926704,10290.6634264766,13608701.0,59.0,15.1,,32.4,,,,,,,,5.002
2004,PER,4.95820320611745,22.91223375085,2.95787000656128,4.42972279,17.3833715752298,3.66247320092233,8495.986392858,27852190.0,59.8,16.3,58.7,32.8,,,,,,,,4.71
2004,PRY,4.05741836363771,45.6878246718486,2.86989998817444,4.93224335,,4.32326492967491,10187.1943942536,5388175.0,42.8,5.7,48.8,17.3,,,,,,,,6.513
2004,URY,5.00416035564457,32.1122956028892,2.49954009056091,8.26618195,26.5917253076624,9.15760507540997,17519.3796251133,3283148.0,25.1,1.0,,6.5,,,,,,,,12.98
2004,VEN,18.2866066891245,36.1983535672104,,,,,,26340838.0,61.5,16.6,53.1,32.5,,,,,,,,15.07
2005,ARG,8.85165992013437,23.2458767338576,3.86000990867615,7.61078882,,,23262.4075792816,39216789.0,21.0,2.7,,8.0,,,,,,,,11.506
2005,BOL,4.42143312687979,35.5481429306567,6.71352529525757,5.07408142,25.9831530558235,5.39323106890663,6579.31228867825,9360754.0,47.21,15.61,60.6,25.73,,,,,,,,2.603
2005,BRA,3.20213206130431,15.2438292665623,4.47908020019531,8.03539562,,6.86953720898964,15221.0138281541,184688101.0,45.0,10.0,,22.3,,,,,,,,10.551
2005,CHL,5.83704571917758,40.1755720109201,3.28016996383667,6.62372065,17.2109749859784,3.05257621387849,20918.5275760681,16348778.0,,,,,,,,,,,,9.34
2005,COL,4.82876110773741,16.9710437391629,,6.06710577,,5.05101962689696,11999.2549591305,42128977.0,53.52,10.74,,25.63,,,,,,,,11.062
2005,ECU,5.39862243994342,32.6271488045748,,5.76793766,,2.1682770118372,10660.2046228939,13846163.0,50.65,11.8,,25.5,,,,,,,,3.779
2005,PER,6.28506032509601,26.8487611117093,2.83903002738953,4.66598511,18.0201336794962,1.61630193862544,8949.95442691077,28101180.0,61.5,17.81,55.6,35.17,,,,,,,,4.87
2005,PRY,2.13349066459601,47.5935921119847,,4.82934713,12.2787341251754,6.80738203116377,10290.1008222945,5448097.0,39.15,6.07,44.9,15.02,,,,,,,,4.825
2005,URY,7.4601321302473,30.4040198202399,2.71475005149841,7.72390509,26.5571821460886,4.6992773903564,18811.3195971021,3285771.0,22.74,0.86,,5.78,,,,,,,,12.009
2005,VEN,10.3179138043148,39.6586527436252,,,,,,26785804.0,51.2,14.4,42.4,25.7,,,,,,,,10.663
2006,ARG,8.04715150043027,23.0266946038115,4.12821006774902,7.64032793,,,24877.2493922296,39622115.0,16.9,2.2,,6.0,,,,,,,,10.078
2006,BOL,4.79700882356067,41.771714268103,6.43421983718872,4.66087532,23.9380392527656,4.28239604802561,6778.38492535327,9521689.0,42.1,12.5,59.9,22.2,,,,,,,,2.577
2006,BRA,3.96198871122617,14.3743163038801,4.87060022354126,8.24952507,,4.18356812896909,15657.4795716983,186653106.0,41.4,8.3,,19.4,,,,,,,,9.692
2006,CHL,6.04999082563968,43.8656742009237,3.04014992713928,6.07235622,15.8867269551126,3.39201733699405,21968.5375355854,16509195.0,29.1,2.0,29.1,7.6,,,,,,,,9.024
2006,COL,6.71686869844402,17.7285877506525,,6.33546638,,4.29342363628927,12636.6246577724,42691084.0,,,,,,,,,,,,11.091
2006,ECU,4.34113198577639,35.7016851677807,,5.84506655,,3.29874846258215,10933.4897470283,14086131.0,45.8,8.2,,20.1,,,,,,,,3.55
2006,PER,7.5288990440594,30.536636453521,2.65281009674072,4.409585,17.0776767262438,2.00225801248819,9547.91327762554,28324491.0,55.9,15.6,49.2,30.4,,,,,,,,4.17
2006,PRY,4.80711719268376,46.2930851780555,,5.01927567,12.3649511285838,9.58934941129229,10672.9933252368,5505148.0,43.8,7.9,48.8,19.5,,,,,,,,5.277
2006,URY,4.09857735445401,30.2975044020751,2.85664010047913,7.70998907,26.6435810165771,6.39764974385131,19560.0817556405,3289506.0,22.3,0.6,,4.5,,,,,,,,10.844
2006,VEN,9.87214910851037,36.5186216079437,3.66905999183655,,,,,27224686.0,38.82,7.13,33.1,15.48,,,,,,,,8.606
2007,ARG,9.00765087504757,22.6627503115066,4.46260023117065,7.83455086,,,26850.6645932771,40016763.0,15.57,1.8,,4.99,,,,,,,,8.47
2007,BOL,4.56438426887887,41.7956567530236,6.72048997879028,4.6968894,21.8110433637866,8.70560923578869,6967.56988043206,9685960.0,41.16,9.47,60.1,18.57,,,,,,,,2.616
2007,BRA,6.06987060678338,13.3276751040789,4.97425985336304,8.20182991,,3.64127299102652,16440.583740032,188552320.0,39.02,7.87,,18.01,,,,,,,,9.28
2007,CHL,5.16823098528431,45.1298518955866,3.2331600189209,6.21259642,16.0414047722644,4.40779938398044,22878.8834428789,16671581.0,,,,,,,,,,,,8.427
2007,COL,6.73819469090975,16.4331421263646,,6.49102163,,5.54438485815156,13318.3033138168,43235374.0,,,,,,,,,,,,11.204
2007,ECU,1.90242859700484,37.4824331013481,,5.55722475,,2.27618478002121,10952.8226853948,14328773.0,44.88,8.52,36.7,19.58,,,,,,,,3.142
2007,PER,8.5183877690955,31.5221165305465,2.62940001487732,4.42611313,18.1434002111455,1.77998644680372,10286.3548193625,28530699.0,50.3,13.22,42.4,26.46,,,,,,,,4.08
2007,PRY,5.42162287218235,43.374929155941,2.73951005935669,5.02042723,11.4827516924891,8.13047417698577,11141.8704701862,5559386.0,40.28,7.84,45.3,16.68,,,,,,,,4.713
2007,URY,6.54151084504817,29.0904872479399,,7.46167231,26.0616997001223,8.11464561179313,20803.893182056,3295153.0,19.62,0.38,,3.59,,,,,,,,9.403
2007,VEN,8.7535788078585,31.1305388597077,3.62732005119324,,,,,27649363.0,,,27.5,,,,,,,,,7.279
2008,ARG,4.05723310346406,22.0609003826242,4.84440994262695,8.1826973,,,27658.4853446831,40424148.0,14.2,1.6,,4.8,,,,,,,,7.837
2008,BOL,6.14849787462164,44.9065559925589,6.72302007675171,4.60677242,,14.0068107702519,7272.1662422642,9850858.0,33.9,8.3,57.3,15.1,,,,,,,,2.603
2008,BRA,5.09419544658736,13.5340005128387,5.26883983612061,8.01128483,,5.67859390284168,17113.3679822643,190367302.0,35.8,6.5,,15.7,,,,,,,,8.268
2008,CHL,3.78939280635238,41.1625607908642,3.79189991950989,6.73954487,18.4111324189756,8.71626873039607,23509.7816931441,16838988.0,,,,,,,,,,,,9.285
2008,COL,3.28344618616541,18.1095951350739,,6.84192181,24.5684126038182,6.99688495554511,13591.0609028567,43758808.0,48.5,11.0,,24.1,,,,,,,,11.273
2008,ECU,6.56492068224719,40.2763008714604,,5.52174902,,8.40009593987462,11474.5257023541,14575202.0,42.3,7.5,35.1,18.5,,,,,,,,3.917
2008,PER,9.1265683014642,29.7276302098838,2.8677499294281,4.53154564,17.8236305892688,5.78587598206755,11151.530521564,28719041.0,46.4,10.9,37.3,22.7,,,,,,,,4.03
2008,PRY,6.4962921197091,42.4383687094115,,5.03776026,10.8129075001749,10.1547846489023,11751.1391651669,5613574.0,37.2,4.3,43.2,14.2,,,,,,,,4.415
2008,URY,7.17614466455107,30.2030239718046,,8.09081745,24.9831658197862,7.87707374730888,22249.3835165533,3302177.0,14.7,0.2,,2.2,,,,,,,,8.025
2008,VEN,5.27785412398782,30.8216690057259,,,,,,28053696.0,,,27.7,,,,,,,,,6.245
2009,ARG,-5.91852507634947,19.5609850560818,5.53105020523071,9.45599556,,,25747.1976809995,40854831.0,12.88,1.55,,4.06,,,,,,,,8.645
2009,BOL,3.35699957430565,35.7226248254274,7.57486009597778,5.17444515,,3.34645420142014,7392.16259288398,10016275.0,28.9,8.78,51.3,14.05,,,,,,,,2.973
2009,BRA,-0.125812002161169,10.8513711347491,5.46355009078979,8.39480495,,4.88803479876799,16939.4407810328,192079951.0,33.81,6.12,,14.59,,,,,,,,9.419
2009,CHL,-1.11803723642878,37.1156347956721,4.25475978851318,7.25026846,21.3114681707184,0.353045178360937,23013.5817893814,17009731.0,24.41,1.67,25.3,5.54,,,,,,,,11.313
2009,COL,1.13964864548062,16.4244956875755,,7.31134558,24.7300721329255,4.20251661216482,13586.7518430982,44271541.0,47.26,9.6,,22.23,,,,,,,,12.066
2009,ECU,1.0910129698311,29.3096288345425,4.51763010025024,6.03388453,,5.15996829181047,11403.5277978831,14825954.0,43.15,7.31,36.0,17.7,,,,,,,,4.608
2009,PER,1.0958236592427,26.4420527390278,3.13994002342224,4.96264839,18.4835822470063,2.936231535967,11204.3768755244,28896811.0,44.55,8.81,33.5,20.53,,,,,,,,3.96
2009,PRY,-0.261137328080281,38.0972540491829,,5.52496862,12.5773872015926,2.59194673430567,11601.2854565093,5671236.0,35.67,5.77,41.6,14.61,,,,,,,,5.46
2009,URY,4.24349419462426,27.0992157546178,,7.91611385,28.2002665421058,7.06221874388574,23138.0820687014,3310091.0,13.6,0.3,,2.2,,,,,,,,7.74
2009,VEN,-3.20230265749002,18.0715188695789,6.87468004226685,,,27.080941446613,,28438298.0,,,26.4,,,,,,,,,6.097
2010,ARG,10.1253981561002,18.9338234053709,5.01971006393433,9.44546413,,,28056.2570212342,41288694.0,11.4,0.7,,3.1,1.6,0.325656,1.90405,0.963598,0.0,0.746541,1.30865,7.714
2010,BOL,4.1267225910567,41.1874561416131,6.97379016876221,5.20230532,,2.50327605844241,7571.67809247102,10182345.0,,,,,,,,,,,,2.608
2010,BRA,7.52822581815364,10.8655847752557,5.64879989624023,7.94516611,28.0594682317914,5.03872690108075,18062.1581103659,193701929.0,,,,,,,,,,,,8.422
2010,CHL,5.85165102224047,37.9039943184914,4.18953990936279,6.81958389,20.2081834494716,1.41071107954321,24116.7694715614,17181464.0,,,,,,,,,,,,8.278
2010,COL,4.49465897070922,16.3408447597691,,7.07130194,25.4043842590891,2.27200227892008,14037.0642668639,44777319.0,44.6,8.3,,20.0,14.4,2.74388,8.38436,3.67338,3.39586,8.28506,13.5815,11.153
2010,ECU,4.02913787986621,32.4856951799135,4.60028982162476,6.34925699,,3.55437734567843,11665.6978598204,15076695.0,38.8,5.7,32.8,15.1,8.8,5.231,6.70911,3.72442,2.59582,5.6782,4.94209,4.088
2010,PER,8.33245910749577,27.8261641521747,2.86730003356934,4.71338701,17.8223398948007,1.52832059732901,12059.0180183322,29086019.0,40.5,6.8,30.8,17.8,14.1,17.7065,5.93011,1.63463,12.1631,6.82377,11.8783,3.6
2010,PRY,11.0952312685521,42.1398416256059,2.7707200050354,5.46593952,11.8391195380757,4.65116279069765,12738.5765601705,5737971.0,34.1,5.5,39.0,13.5,11.7,17.349,9.13386,4.60271,2.54716,5.45974,17.6777,4.569
2010,URY,7.8034096507169,26.3429945409681,,7.87757301,28.2518723908528,6.69870886978132,24879.8350192618,3318580.0,12.05,0.17,,1.61,0.5,0.83774,4.38817,1.89224,0.682435,0.169116,4.05926,7.158
2010,VEN,-1.48879125078348,28.5304069880193,,,,28.1874647092039,,28813101.0,,,26.8,,,,,,,,,7.112
2011,ARG,6.00395169280579,18.4492091453155,5.29062986373901,9.41819859,,,29425.7593876084,41730660.0,9.11,0.71,,2.11,1.2,0.308643,1.80353,1.05141,0.0,0.711377,1.23504,7.18
2011,BOL,5.204092443086,44.0917018533308,6.45056009292603,5.17306805,,9.88446419823883,7837.49318801327,10348929.0,23.5,5.3,45.1,10.4,13.7,17.8736,17.6262,3.80715,11.5377,5.29891,19.1615,2.255
2011,BRA,3.97442307944702,11.5825126785455,5.73741006851196,7.78819132,28.662521677616,6.6364496221309,18627.8104529397,195284734.0,29.9,5.3,,12.0,,,22.0624,1.29606,0.742828,5.30663,,7.578
2011,CHL,6.22389678509138,37.6897802745717,4.0617299079895,6.79947519,19.4945095729622,3.34121694259302,25366.2690249825,17351816.0,20.9,0.9,22.2,3.9,1.7,1.61609,4.52977,0.525374,0.319001,0.903875,0.453213,7.277
2011,COL,6.94789198173555,19.2765050733171,,6.78076792,24.2247402762094,3.4150334477625,14852.3699513061,45259614.0,41.6,6.8,,17.9,12.5,2.51945,7.88847,3.87961,3.23008,6.82821,13.4682,10.288
2011,ECU,8.48147656332823,36.1133694393513,4.74424982070923,6.60509682,,4.4745326579584,12449.0785549218,15326227.0,34.69,4.67,28.6,12.32,7.5,7.67248,6.94189,2.69144,2.93391,4.6692,4.46734,3.458
2011,PER,6.32719240161117,30.5027597563889,2.6635000705719,4.53380108,17.6278849212839,3.36931095333853,12726.5999815198,29304086.0,38.07,6.5,27.8,16.28,13.1,17.7615,5.87822,1.47538,10.4356,6.50403,10.7345,3.477
2011,PRY,4.28637120702282,40.238859668619,3.69282007217407,5.82225847,13.0832818921182,8.2539682539683,13109.4665717863,5814626.0,32.25,5.05,37.0,12.94,10.3,4.47675,7.9411,4.38982,1.70123,5.04801,10.664,4.67
2011,URY,5.16213302463606,26.4221494211811,4.14937019348145,7.91521358,27.7352832980739,8.0928320630299,26099.3215293803,3326825.0,8.5,0.1,,1.3,0.4,1.05134,3.50551,1.78515,0.75115,0.139419,4.11549,6.307
2011,VEN,4.17642535923927,29.9430146096987,,,,26.0902123160959,,29185212.0,,,27.4,,,,,,,,,6.902
2012,ARG,-1.0264204544321,16.2378594620246,5.34582996368408,9.82726669,,,28825.9666865361,42161721.0,8.6,0.6,,2.3,1.3,0.324074,1.6484,0.833707,0.0,0.647047,0.923994,7.217
2012,BOL,5.12227558091757,47.1661966249317,6.62799978256226,5.2539444,,4.51560291399376,8108.20518828237,10515807.0,23.67,6.47,43.3,10.98,12.7,8.89974,17.6589,3.12683,8.873,6.46794,27.6342,2.066
2012,BRA,1.92117598576537,11.8775390704316,5.85510015487671,7.73637724,28.1749993082199,5.40349914036997,18832.2195527075,196876111.0,28.2,4.49,,10.63,,,,,,,,7.251
2012,CHL,6.15534001855494,33.8455905043756,,7.01951265,19.9248545225746,3.00744840213047,26670.4971338402,17519119.0,,,,,,,,,,,,6.562
2012,COL,3.91263576716115,18.8112052836654,,6.74601603,25.0329863002189,3.16930188840055,15279.4790008058,45715810.0,39.78,6.72,,16.78,12.0,2.54569,7.65732,3.54895,2.94569,6.71516,13.1485,9.959
2012,ECU,5.783212336172,34.8314108177156,4.65310001373291,6.87859821,,5.10172180958666,12961.0267423765,15572194.0,31.4,4.5,27.3,11.7,7.0,6.66683,6.77912,2.59711,2.90307,4.46314,3.91672,3.235
2012,PER,6.13972470560435,27.4496143710972,2.92276000976562,4.7344017,17.9177884982323,3.61121294940163,13395.3993805891,29550366.0,35.3,6.08,25.8,14.8,12.1,13.4655,5.81986,1.24376,8.81706,6.07855,14.9877,3.238
2012,PRY,-0.708043112316886,37.995519198228,3.668790102005,6.53144598,15.7041029014301,3.67591897974496,12834.8015915074,5897008.0,27.0,3.3,31.4,10.2,8.4,5.59344,8.11509,3.42897,1.59704,3.33131,15.1379,4.085
2012,URY,3.53817872056869,25.9196294244279,4.09353351593018,8.03330803,28.8425661023934,8.09776580573602,26953.2811065384,3335401.0,7.82,0.17,,1.31,0.4,0.750117,3.11904,1.36764,0.35515,0.169385,3.34144,6.451
2012,VEN,5.62595697508641,26.1710142521782,,,,21.0689956331876,,29553826.0,,,27.2,,,,,,,,,6.601
2013,ARG,2.40532378079436,14.6171733884386,5.43661022186279,9.78097916,,,29227.6601818437,42582455.0,8.56,0.67,,2.07,1.1,0.321066,1.61902,0.896339,0.0,0.666675,0.805115,7.1
2013,BOL,6.79601142810841,44.0924795250944,6.80321979522705,5.57465124,,5.73640023719607,8524.03213402885,10682608.0,21.8,5.2,38.9,9.3,12.1,8.69394,16.7168,3.13306,9.54623,5.17307,26.4322,2.437
2013,BRA,3.00482266944432,11.7422306460189,5.8388500213623,7.9766016,28.150486422269,6.20431066640101,19241.5059815726,198478299.0,25.7,3.7,,9.5,,,,,,,,7.071
2013,CHL,3.30850824710085,32.087463589174,4.54814004898071,7.47552681,20.1963012042744,1.7895555398459,27291.3576525957,17687006.0,12.49,0.52,14.4,1.96,0.9,1.0409,4.0057,0.368954,0.313452,0.517119,0.5302,6.074
2013,COL,5.13399351995672,18.0864397214368,,7.01724052,33.2851931387088,2.01699224310383,15912.2471293239,46151584.0,37.6,6.1,,15.3,10.9,2.56763,7.16897,2.96344,2.43356,6.1117,12.002,9.246
2013,ECU,7.21123653679159,32.3752665078284,4.92997980117798,6.77866411,33.5309774702576,2.72177577710371,13689.1520460125,15807128.0,31.2,3.2,25.6,10.2,5.3,5.34856,5.84203,2.38757,1.98291,3.24109,3.93825,3.083
2013,PER,5.85251821084928,24.8082994208508,3.29729008674622,4.72346115,18.9583513319003,2.76789666082002,14052.1376191683,29817919.0,34.5,5.4,23.9,14.0,10.9,12.2723,5.63657,1.26596,7.7099,5.39633,14.5143,3.575
2013,PRY,8.29307648940471,38.7136655822512,2.67871189117432,6.0642848,14.3618811109228,2.68385738718582,13700.7030515364,5982445.0,23.3,1.8,28.0,6.8,5.4,3.75785,6.78476,2.75576,0.637356,1.78793,12.0083,4.385
2013,URY,4.63753862902416,23.3531364247538,4.23892021179199,8.0844841,29.2703887862228,8.57513504005397,28119.4833341404,3345337.0,7.4,0.2,,1.1,0.4,0.501242,3.02161,1.35647,0.268246,0.174248,3.37158,6.444
2013,VEN,1.34309403607476,24.7649783030385,,,,40.6394275161589,,29912198.0,,,29.4,,,,,,,,,7.54
2014,ARG,-2.51261532081394,14.4054785893756,5.36144018173218,9.67129993,24.5697808575806,,28200.8152571318,43024071.0,9.5,0.6,,2.1,1.1,0.40557,1.41841,0.94894,0.0,0.60478,0.704324,7.268
2014,BOL,5.46056950635136,43.2930879909317,7.47812986373901,5.89613628,,5.76660074579144,8851.71162782477,10848888.0,20.2,4.3,39.2,9.0,11.8,7.88311,18.365,4.3438,9.60156,4.27589,32.5753,2.021
2014,BRA,0.503955740242247,11.0119428190539,5.94848012924194,8.39644146,29.2822360064413,6.32904015516139,19183.172744636,200085127.0,24.35,3.33,,8.61,,,,,,,,6.755
2014,CHL,1.79264947139259,33.0039029664774,4.75167989730835,7.84150171,20.6752522601778,4.71867527854672,27505.0495524158,17864195.0,,,,,,,,,,,,6.483
2014,COL,4.49903000110972,16.6347491096509,,7.18553209,30.1625917691368,2.89883787761738,16480.3631474161,46565429.0,35.43,5.43,,14.27,9.8,2.24362,6.65095,3.02802,2.36858,5.43138,11.8176,8.799
2014,ECU,4.22606520388456,31.3550366940318,5.21020984649658,6.76601839,33.3268796672496,3.58922016616663,14064.7992246727,16035124.0,27.6,2.64,22.5,8.69,4.5,4.28401,4.66672,1.97054,0.961974,2.63561,3.69456,3.48
2014,PER,2.38215737180541,22.6069703758151,3.69599008560181,4.93103409,20.5114219115948,3.41194579807465,14244.5660212948,30115826.0,33.38,4.82,22.7,13.12,10.0,9.98602,5.78787,1.11889,6.75908,4.82481,15.0923,3.208
2014,PRY,5.30123859237025,35.4644118987732,2.59655904769897,6.62719059,14.001361051633,5.02882767456766,14219.354423733,6069811.0,22.65,2.41,27.2,7.58,6.0,4.0237,7.77153,3.12814,0.922427,2.41389,10.9513,5.034
2014,URY,3.23879122952364,23.5426616139817,4.26735019683838,8.038908,29.5808927457727,8.87735333229828,28935.0974409271,3356334.0,6.31,0.15,,0.83,0.3,0.498458,3.04097,1.2477,0.250723,0.153462,3.28426,6.547
2014,VEN,-3.89438647450662,16.6938273502942,,,,62.1686499794829,,30254079.0,,,29.5,,,,,,,,,6.821
2015,ARG,2.73115982828944,10.7056520504538,5.77611017227173,10.22933674,25.0083932347048,,28669.2061336796,43477012.0,,,,,,,,,,,,7.579
2015,BOL,4.85718717971413,30.8682960291245,8.14342975616455,6.55064964,,4.05961041135645,9141.92840900882,11014705.0,20.48,4.63,38.6,8.58,11.2,10.8247,15.2228,3.7643,8.37274,4.62996,26.6481,3.111
2015,BRA,-3.54576339269425,12.900191418386,6.24105978012085,8.90929985,33.9491788065831,9.02990102416136,18357.0690617991,201675532.0,25.3,3.9,,9.3,,,,,,,,8.538
2015,CHL,2.15194249981184,29.1910794903324,4.90390014648438,8.3513937,21.6348148833018,4.34877353217044,27811.3745158617,18047625.0,9.7,0.4,11.7,1.5,0.7,0.913011,3.51488,0.276716,0.210301,0.429281,0.500739,6.313
2015,COL,2.95590137527523,15.6502115094968,,7.52338505,26.8156770552217,4.9898311584953,16821.3801400631,46969940.0,34.6,4.9,,13.0,8.8,2.19655,6.42946,2.86175,1.89172,4.92548,10.6734,8.572
2015,ECU,0.119692109287612,22.754485726599,5.10570001602173,7.76786041,34.0758538247243,3.96664623255358,13881.5700738105,16266225.0,28.8,3.4,23.3,9.5,5.3,3.69914,4.53295,1.72834,1.29366,3.44007,3.57022,3.616
2015,PER,3.25224477218451,21.2873252858958,3.96933007240295,4.92147398,20.5675823700928,3.39809194746308,14542.7930911313,30457600.0,32.7,4.7,21.8,12.8,9.7,9.75551,5.88594,1.09672,5.83714,4.71855,14.3163,3.272
2015,PRY,2.95715173487106,34.734658699956,3.33377814292908,6.69165802,14.8283479769772,3.12900274473925,14427.6002349787,6159103.0,22.6,1.9,26.6,7.1,5.2,3.17164,6.04555,2.66661,0.488553,1.89135,11.8491,4.556
2015,URY,0.370741257681345,22.4778512515741,4.20636987686157,8.25703716,29.5758720947321,8.66626987079328,28941.6294107011,3368017.0,6.0,0.1,,0.8,0.3,0.492603,2.75202,1.0835,0.204698,0.149766,3.07394,7.488
2015,VEN,,,,,,121.738085297503,,30573972.0,,,33.1,,,,,,,,,6.137
2016,ARG,-2.08032784377811,12.5270951690009,5.54548978805542,9.85558891,26.1799164832469,,27802.1057201498,43900313.0,9.21,0.7,30.3,2.31,1.3,0.405132,1.62789,1.17013,0.0,0.696885,0.636667,8.085
2016,BOL,4.26392086382113,24.4880055394464,8.15060997009277,6.83333063,,3.62321431764138,9390.79063843794,11180020.0,22.0,5.6,39.5,10.1,12.6,11.6825,16.8422,3.04668,7.27893,5.62034,21.675,3.498
2016,BRA,-3.27591690782192,12.4666790429968,6.314040184021,9.16901684,33.4051681393353,8.73914352329393,17620.9272434136,203218114.0,27.04,4.73,,10.62,7.3,2.02486,17.1422,0.622983,0.249331,4.73375,36.4564,11.58
2016,CHL,1.753038749071,27.9231581098221,5.3664698600769,8.55767059,22.1268634762876,3.78619355893118,27958.7284996682,18267221.0,,,,,,,,,,,,6.673
2016,COL,2.08738250162794,14.7171392781975,,7.53117037,28.6308350994839,7.51346024627675,17003.244366485,47437512.0,34.35,4.91,,12.87,8.6,2.2366,6.00055,2.69031,1.64196,4.91353,8.8921,8.922
2016,ECU,-0.687954245877947,20.53929115589,4.36274814605713,7.58817482,35.0549572104551,1.72826463324533,13586.5160772568,16505139.0,28.16,3.58,22.9,9.54,5.6,3.58867,4.11987,1.67266,1.24876,3.57503,3.27774,4.597
2016,PER,3.95331871520767,22.6003137409908,3.81316995620728,4.91142178,19.1880269352898,3.55717663556279,14917.4489473588,30866494.0,31.81,4.6,20.7,12.45,9.1,8.23335,5.71823,0.96976,5.54983,4.59618,14.3491,3.741
2016,PRY,4.26802583314583,37.1432329052059,3.4349799156189,6.67556572,15.4216143903646,4.08682280577241,14826.6636909956,6249126.0,23.68,1.69,28.9,7.18,5.4,2.90146,6.78724,2.99643,0.708666,1.69429,12.3872,5.255
2016,URY,1.68979822971775,26.9316576016427,4.36420011520386,8.63850975,35.2210254750392,9.6394134763508,29332.5672615246,3379283.0,5.64,0.09,,0.69,0.2,0.477116,2.52253,0.990691,0.215195,0.0922717,2.65402,7.841
2016,VEN,,,,,,254.948534781816,,30765720.0,,,,,,,,,,,,5.319
2017,ARG,2.81850297775918,11.3202833596733,5.45431995391846,10.23174763,24.2825320419979,,28334.904184742,44288894.0,8.2,0.6,25.7,2.4,1.1,0.400695,1.48508,0.715648,0.0,0.603796,0.697418,8.347
2017,BOL,4.19520633360395,24.9041443675799,8.09724044799805,6.4901948,,2.8227580554717,9642.81395706132,11344587.0,21.02,4.93,36.4,9.18,10.8,9.68505,16.182,1.22807,7.21888,4.93336,22.2947,3.655
2017,BRA,1.32286905404399,12.5189678698768,6.32047986984253,9.47125053,32.3610510090101,3.44637335032669,17724.4799577784,204703445.0,27.1,5.3,,11.01,7.7,2.14377,16.5196,0.573118,0.232858,5.30275,36.0471,12.792
2017,CHL,1.35769537343957,28.3313768341631,5.43278980255127,9.090518,22.3472564737029,2.18271846868519,27892.9946862827,18558868.0,7.47,0.36,8.6,1.03,0.5,1.22846,3.36458,0.427027,0.284457,0.359708,0.62299,7.257
2017,COL,1.35936086788746,15.1452897484005,,7.67864323,27.5049639074473,4.31431325695011,16986.0334182842,48131078.0,33.7,4.3,,12.1,7.9,2.28581,5.72472,2.5424,1.54121,4.33946,8.7172,9.086
2017,ECU,5.97039880954841,21.4855873912769,4.6142578125,7.52484131,31.5192679680287,0.417335588666825,14179.1537503305,16759519.0,27.1,3.2,21.5,8.9,4.8,3.9309,4.40084,2.02395,0.842957,3.21325,3.57589,3.836
2017,PER,2.51883544233135,24.7198719746973,3.93130993843079,4.82783127,20.1502784685185,2.99490045809443,15069.5221084659,31324637.0,32.6,4.5,21.7,12.4,8.9,7.98152,5.69062,0.666685,4.89248,4.49706,13.9801,3.691
2017,PRY,4.81007885554041,38.1692845403814,3.09062075614929,6.60902548,14.4661468516944,3.60247741348943,15320.3366476959,6338660.0,21.0,1.0,26.4,5.2,3.3,2.40172,5.95829,2.29694,0.463676,0.981439,11.2526,6.138
2017,URY,1.74037643374211,25.9311810606296,4.41787004470825,8.71701717,31.2481222232683,6.2180938256186,29762.4333171685,3388438.0,4.6,0.1,,0.5,0.2,0.486126,2.40563,0.817484,0.170661,0.0663459,2.53449,7.89
2017,VEN,,,,,,,,30565323.0,,,,,,,,,,,,5.045
2018,ARG,-2.61739646282038,14.4366857499034,4.87773990631104,10.29146862,22.6709430512171,,27367.115094108,44654882.0,10.35,1.04,32.0,2.87,1.7,0.264292,1.33947,0.736694,0.0,1.04432,0.70777,9.22
2018,BOL,4.22362365271844,25.9887950588635,8.01587009429932,6.60399437,,2.27205987230155,9907.06256669222,11508368.0,19.1,3.27,34.5,7.7,9.6,9.39219,15.3138,1.55656,6.23139,3.27489,19.7796,3.519
2018,BRA,1.783666761634,14.6349994955075,6.08851003646851,9.46475029,32.2312978931468,3.66485028376729,17917.7492123359,206107261.0,26.7,5.3,,10.9,7.5,1.79757,15.794,0.529937,0.271776,5.30607,35.8714,12.329
2018,CHL,3.99002947789977,28.5290447397579,5.473060131073,9.15040398,22.6179870091523,2.43488981353057,28492.6611456515,18893191.0,,,,,,,,,,,,7.623
2018,COL,2.56432428277704,15.8997196775431,,7.62541389,29.9717907219429,3.24056932930569,17104.1313545678,49024465.0,33.93,4.5,,12.23,7.9,2.49276,5.46687,2.61808,1.48084,4.49826,8.34874,9.36
2018,ECU,1.04429460679607,23.5438701347327,4.62145519256592,7.83214045,33.7250449206698,-0.224103246005552,14083.5069982304,17049547.0,27.85,3.31,23.2,9.71,5.2,4.36338,3.78774,2.33159,1.1665,3.31149,3.09428,3.53
2018,PER,3.969351341365,25.1921846722472,3.71392011642456,5.09981441,19.8892517491084,1.50915423024742,15386.2601642505,31897584.0,30.31,3.57,20.5,10.66,7.4,6.79741,5.6658,0.573379,4.48399,3.56699,12.1195,3.492
2018,PRY,3.20425034076639,36.8532235364332,3.29619598388672,6.74497652,16.1304844057012,3.97561015740694,15592.9841390273,6427382.0,19.64,1.41,24.2,5.77,4.0,2.8261,6.31842,2.74569,0.280325,1.40669,16.2596,6.217
2018,URY,0.164777608940113,26.4215439434306,4.60362005233765,8.90014267,31.913342812641,7.60653360377047,29757.9388543783,3394534.0,4.94,0.06,,0.43,0.1,0.39095,2.19766,0.714982,0.137913,0.05585,2.2407,8.336
2018,VEN,,,,2.41691327,,,,29807592.0,,,,,,,,,,,,5.46
2019,ARG,-2.00086100285785,17.9248783778462,4.7716498374939,10.1555109,22.0364845686943,,26629.5529419501,44973465.0,12.0,1.1,35.5,3.4,1.7,0.254712,1.45894,0.641644,0.0,1.10974,0.633893,9.843
2019,BOL,2.21670563961031,24.9672622840166,8.09103965759277,6.88792992,,1.83954504969026,9985.23048460376,11671386.0,15.5,1.9,37.2,5.7,6.5,7.38695,13.383,2.18443,4.87155,1.92054,16.3232,3.682
2019,BRA,1.22077782360842,14.1229191913178,5.96346998214722,9.61449146,31.1361557850731,3.73297621216894,18018.6209151518,207455459.0,26.2,5.4,,10.8,7.6,1.78278,15.0112,0.441399,0.245952,5.40922,34.3423,11.936
2019,CHL,0.634367533828438,27.8746677570512,5.62630987167358,9.29919815,23.3151987137799,2.55754475703327,28218.5343879081,19197744.0,,,,,,,,,,,,7.493
2019,COL,3.18685539245533,15.8680386541241,,7.77954912,31.3047065647576,3.52301932741447,17336.7716030551,49907985.0,34.8,5.3,,13.7,9.3,2.44448,5.06721,2.83748,1.32122,5.28474,8.16692,10.28
2019,ECU,0.1654044646003,24.0486345985713,4.2457799911499,7.80768251,33.1468964953936,0.266012515466155,13870.4895118068,17340021.0,29.7,3.6,25.0,9.9,5.1,4.66069,3.87778,2.86753,1.37167,3.58358,3.60153,3.812
2019,PER,2.24063176875049,24.0390874349068,3.822429895401,5.1381588,20.6619118591877,2.25212191358027,15463.5432397882,32449303.0,28.8,3.0,20.2,9.6,6.8,6.24998,5.4029,0.793544,4.12701,2.97709,12.0668,3.379
2019,PRY,-0.40185510068001,36.0872909434467,3.48983025550842,7.16081905,20.3502301282138,2.75709727562775,15321.3245528933,6515058.0,19.66,1.01,23.5,5.12,3.2,2.11373,6.28575,1.93157,0.287857,1.01151,13.8645,6.595
2019,URY,0.928351141267498,27.9053695836796,4.62833976745605,9.24069118,32.0674084420152,7.88198870879619,30010.5742615797,3397206.0,5.1,0.1,,0.5,0.1,0.474422,1.99035,0.712599,0.135793,0.102072,2.40182,8.836
2019,VEN,,,,2.18563724,,,,28938098.0,,,,,,,,,,,,5.876
2020,ARG,-9.9004848136464,16.6054144372484,5.27689981460571,10.45030594,25.8405452538391,,23877.0931404855,45191965.0,15.38,1.17,42.0,3.99,2.2,0.123864,1.36046,0.658735,0.0,1.17313,0.903208,11.461
2020,BOL,-8.7378843576993,20.2725897857053,8.43710994720459,8.0225811,,0.940742153381849,9000.97565203128,11816299.0,17.29,3.12,39.0,6.41,7.6,6.55371,13.9759,2.05767,4.37238,3.12151,17.7154,7.903
2020,BRA,-3.2767587964736,16.4535520094071,5.77150011062622,9.62326527,34.9119748286061,3.21176803803376,17327.5157249466,208660842.0,18.73,1.95,,5.33,,,,,,,,13.697
2020,CHL,-6.14347479224092,31.3303902428612,5.62993001937866,9.68910599,26.2421928843387,3.04549084804326,26248.5616432825,19370624.0,9.9,1.3,10.8,2.7,2.2,1.0725,3.20291,3.23041,,1.34157,1.5305,10.934
2020,COL,-7.18591413760859,13.5222755593302,,8.71432114,36.5543934839744,2.52663500084706,15861.4999291295,50629997.0,42.23,9.36,,19.31,11.9,3.02027,5.41002,2.90245,1.53079,7.28289,8.76511,15.983
2020,ECU,-9.24509619165865,23.2835621642424,4.26103019714355,8.6576252,34.0396754166882,-0.338872392562139,12440.3263747814,17546065.0,34.6,6.5,33.0,14.4,8.9,5.7905,3.75903,2.25078,2.81104,6.51924,4.80553,6.127
2020,PER,-10.9333065010382,23.0114431429931,4.25937986373901,6.36273861,26.9065402747666,2.00241205759292,13609.5999609595,32838579.0,42.85,5.82,30.1,17.37,11.3,5.49806,4.77487,1.19162,3.65894,5.82175,11.4766,7.179
2020,PRY,-0.819785390971916,33.2706269850168,3.93615007400513,7.67533064,18.4727986970316,1.76751592356698,14991.6606201094,6603739.0,22.3,0.8,26.9,5.2,3.2,1.64813,4.91439,1.99527,0.288921,0.813284,12.063,7.548
2020,URY,-7.35732706484723,26.188280623321,4.54292011260986,9.06924915,34.6908132172211,9.75640636078194,27788.1854968153,3398968.0,7.18,0.21,,0.89,,,,1.37265,,0.206795,,10.413
2020,VEN,,,,4.11615229,,,,28444077.0,,,,,,,,,,,,7.53
2021,ARG,10.4418119882506,18.0667091690365,4.64117002487183,10.03832245,22.8967903877811,,26300.274261175,45312281.0,11.43,0.89,37.3,2.8,1.4,0.364048,1.08532,0.731351,0.0,0.894218,0.257453,8.736
2021,BOL,6.11137269714146,27.8253459097756,7.96215009689331,8.159729,,0.737383721452275,9454.19814680002,11937360.0,15.2,2.0,36.4,5.4,5.5,9.90372,12.2812,1.38387,2.93862,1.9645,13.906,5.089
2021,BRA,4.76260437908608,19.1094303688709,5.4969801902771,9.63646507,29.4981043220662,8.30165975585673,18075.7060049068,209550294.0,28.4,5.8,,11.3,,,,,,,,13.158
2021,CHL,11.3149204879049,31.9927952679237,4.99923992156982,9.68593311,30.8172643358219,4.52456838259144,29089.850459728,19456334.0,,,,,,,,,,,,9.281
2021,COL,10.8011981904878,16.1970059548864,,9.01772404,35.6635486558905,3.49505757399448,17383.0901728295,51188173.0,38.78,7.33,39.7,16.44,11.5,1.72101,5.05427,2.7942,1.11097,7.33467,7.67339,13.898
2021,ECU,9.42189269033631,27.0659755840025,3.64776992797852,8.20646191,31.9261749303125,0.133251386096389,13507.4445638375,17682454.0,31.7,3.6,27.7,10.9,5.9,3.68803,2.96283,2.33982,1.61103,3.58318,4.99795,4.552
2021,PER,13.3626240903125,29.2358595939113,3.92721009254456,6.67921352,22.846765924466,4.27166381536798,15280.5512106486,33155882.0,33.42,2.77,25.9,9.99,6.4,5.25649,5.36524,1.21012,4.14481,2.77309,12.1594,5.097
2021,PRY,4.01673731780312,35.4870925101591,3.41070008277893,8.03277016,16.7400694932577,4.787983101236,15406.1670646579,6684182.0,20.81,0.69,26.9,4.13,2.5,1.10749,4.44717,1.99593,0.134809,0.689179,10.3899,7.311
2021,URY,5.84427312558179,32.944605201732,4.46065998077393,8.91666222,31.732289978428,7.74791402314762,29431.8850087471,3396695.0,6.7,0.1,,0.8,0.2,0.59386,1.85526,0.482044,0.0287092,0.112155,1.95398,9.328
2021,VEN,,,,4.10222006,,,,28237826.0,,,,,,,,,,,,7.037
2022,ARG,5.26987967384072,16.248014443903,4.80521011352539,9.86305332,21.9068187207194,,27627.9634764636,45407904.0,10.91,0.61,39.2,2.54,1.3,0.372027,1.10712,0.706118,0.0,0.61189,0.410161,6.805
2022,BOL,3.60568042633635,32.6115548527874,7.57550001144409,8.43142891,,1.74632872945969,9681.70743033851,12077154.0,,,37.7,,5.5,,,,,,,3.552
2022,BRA,3.01669435393015,19.6307650034371,,9.14277458,31.641435845417,9.28010608956873,18554.0461828566,210306415.0,23.5,3.5,,8.4,5.4,1.30081,13.1636,0.446158,0.205422,3.5053,32.5798,9.231
2022,CHL,2.15399356192458,35.6066282723137,,10.06172848,24.1256231102656,11.643866711056,29569.4775527937,19553036.0,4.72,0.4,6.5,0.87,0.6,1.1117,3.21419,0.378281,0.289264,0.395051,1.16792,8.249
2022,COL,7.32827729427979,20.3883679938331,,7.57361269,32.3909610062162,10.1772313546166,18458.7209460704,51737944.0,34.8,6.0,36.6,14.0,9.7,3.02241,5.02323,2.71846,1.39078,6.03655,6.85164,10.547
2022,ECU,5.86842354862311,30.9252456928287,3.59897994995117,7.53457022,30.4365983203311,3.46616972213077,14186.6388544625,17823897.0,29.9,3.2,25.2,9.5,5.1,5.26206,3.08208,1.74981,3.10319,3.18079,6.31597,3.761
2022,PER,2.8090335533015,28.8318607701975,3.83315992355347,6.0930872,,8.33370630096231,15559.821643644,33475438.0,32.2,2.7,27.5,9.5,6.0,5.47198,5.06335,0.70348,3.78885,2.65655,12.9914,3.85
2022,PRY,0.176038366124061,34.3693845850371,3.39619994163513,7.73804235,16.5354158578926,9.76556667164402,15259.1456311826,6760464.0,19.9,1.33,24.7,5.61,3.9,1.45238,4.43097,1.65613,0.132912,1.32956,10.0364,6.755
2022,URY,4.48622703072073,33.3316130133263,4.5073299407959,8.94532204,36.2885816637948,9.10437983075437,30804.7032775797,3390913.0,6.4,0.2,9.9,0.8,0.2,0.348843,1.50317,0.257932,0.042712,0.155176,1.77517,7.877
2022,VEN,,,,4.55047369,,,,28213017.0,,,,,,,,,,,,5.707
2023,ARG,-1.61100162090189,12.7492457826544,,,21.1189070510753,,27104.9799978169,45538401.0,,,41.7,,1.2,,,,,,,6.139
2023,BOL,3.08196521047731,25.5322398177202,,,,2.57688800489192,9843.97014249285,12244159.0,,,,,5.4,,,,,,,3.024
2023,BRA,3.24165532906981,17.9693243032741,,,32.4311004876294,4.59356282283204,19079.8122134028,211140729.0,,,,,4.3,,,,,,,7.947
2023,CHL,0.521367977246825,30.8110620735322,,10.09532642,24.579585902841,7.58168251407962,29563.6780243659,19658835.0,,,,,,,,,,,,9.013
2023,COL,0.712380031974334,17.8316784070298,,7.69168758,33.3358903472043,11.7359044948689,18382.9976800475,52321152.0,,,33.0,,8.1,,,,,,,9.594
2023,ECU,1.98823813984235,28.5659295875425,3.89365005493164,,,2.21568764237058,14343.0190134813,17980083.0,29.57,3.8,26.0,10.31,5.6,6.00286,3.44575,3.27069,2.02686,3.79843,6.82003,3.51
2023,PER,-0.403242151494268,27.1353058241207,4.23516988754272,,,6.45561348369586,15327.5819994558,33845617.0,,,,,6.9,,,,,,,4.899
2023,PRY,4.99922791130152,42.0641902129296,3.40649008750916,,18.9555342614799,4.63202285403356,15826.0875012954,6844146.0,,,,,2.9,,,,,,,5.794
2023,URY,0.742128785315927,28.1403012343037,,,37.0207453769907,5.86910359896119,31059.2537072459,3388081.0,,,10.1,,0.2,,,,,,,8.355
2023,VEN,,,,,,,,28300854.0,,,,,,,,,,,,5.485
2024,ARG,-1.71910514722377,15.3342337389676,,,,,26547.0503429365,45696159.0,,,,,,,,,,,,7.876
2024,BOL,1.38468278972252,,,,,5.09976568317427,9844.27685167629,12413315.0,,,,,,,,,,,,3.091
2024,BRA,3.39586645454844,18.0146799833275,,,,4.36746407652337,19647.9096329925,211998573.0,,,,,,,,,,,,7.634
2024,CHL,2.64431154871538,33.7233211746608,,,,4.29763891572524,30182.7871224714,19764771.0,,,,,,,,,,,,9.056
2024,COL,1.7438014504116,15.97281920951,,,,6.60908593728228,18503.6706011465,52886363.0,,,,,,,,,,,,9.608
2024,ECU,-2.00125476341026,30.2786006784668,,,,1.54732515615369,13935.5391125402,18135478.0,,,,,,,,,,,,4.773
2024,PER,3.30394098171516,28.5375908830267,,,,2.00770739412712,15661.7497711956,34217848.0,,,,,,,,,,,,4.828
2024,PRY,4.24996010464042,37.2016814689888,,,,3.83540271728533,16296.2836189267,6929153.0,,,,,,,,,,,,6.093
2024,URY,3.10825478066172,28.7607719167193,,,,4.84914366613156,32038.7727288227,3386588.0,,,,,,,,,,,,8.401
2024,VEN,,,,,,,,28405543.0,,,,,,,,,,,,5.475
